Transaction_ID,Customer_ID,Transaction_Amount,Transaction_Type,Transaction_Date,Account_Balance,Branch,Fraud_Flag
17270,1059,6373.892985294444,Transfer,01/02/2024,11407.668579035788,,0
10860,1042,3401.0033336730266,Withdrawal,2024/03/01,6558.971838175865,,0
15390,1075,4526.001657879679,Transfer,2024-01-01,17874.21372011432,,0
15191,1099,4794.31167372786,PAYMENT,2024/03/01,24508.913752125147,Mombasa,0
15734,1067,4184.353827862911,Withdrawal,01/02/2024,30548.590692108868,Mombasa,0
16265,1004,5871.111696749626,Transfer,invalid_date,20062.11355621786,Nairobi,0
10466,1036,7006.102619322368,Withdrawal,01/02/2024,15152.093236431068,Nairobi,0
14426,1071,3579.0949003300966,Deposit,2024-01-01,29756.783454381533,,0
15578,1091,5732.914332595944,Transfer,invalid_date,29370.668751020312,,0
18322,1030,5312.7562458365555,Withdrawal,2024/03/01,-5884.166322041998,Kisumu,0
11685,1008,999999,Withdrawal,2024/03/01,25310.966022846074,,0
10769,1050,2953.1613792987077,Withdrawal,2024/03/01,31447.596114522974,Nairobi,0
16949,1028,6064.060386584904,Transfer,invalid_date,27870.308368716138,Nairobi,0
12433,1077,6569.200636873416,payment,01/02/2024,3277.5022543268133,Nairobi,0
15311,1039,5779.77363894479,Transfer,invalid_date,20797.56526899216,Mombasa,0
15051,1040,1773.0626794631958,PAYMENT,invalid_date,20843.23827242234,Mombasa,0
16420,1085,6884.624420535736,Transfer,2024-01-01,27790.298676301296,,0
11184,1010,6617.971030065952,Withdrawal,invalid_date,-1910.740725646643,Kisumu,0
14555,1022,7287.975838404326,Deposit,2024/03/01,33414.31975373703,Kisumu,0
13385,1000,5735.044605018741,Transfer,01/02/2024,-7132.426341634116,Kisumu,0
16396,1045,4963.393031957021,Transfer,01/02/2024,39508.518023679295,Mombasa,0
18666,1020,4382.900796652425,Withdrawal,01/02/2024,2978.71293461612,Nairobi,0
19274,1089,3874.799436692615,Deposit,2024/03/01,20222.039345426365,Nairobi,0
12558,1035,5777.440246102217,Deposit,2024/03/01,19000.302201830968,Mombasa,0
17849,1053,5712.333754449685,PAYMENT,2024/03/01,11757.164423212484,Kisumu,0
12047,1086,5214.320455564486,Transfer,2024/03/01,-5108.350014014515,Kisumu,0
12747,1056,3393.272407879458,Deposit,2024/03/01,340.71005853022143,,0
19167,1000,2110.8851129504055,Deposit,invalid_date,34102.13804814408,,0
19998,1062,5902.190593165957,payment,2024/03/01,26198.09107530301,Kisumu,0
10189,1053,2770.5045853502215,payment,2024/03/01,37046.510059281354,Mombasa,0
12734,1054,6897.01640743334,Deposit,2024/03/01,24221.085934899056,Kisumu,0
13005,1039,7023.8066236534905,PAYMENT,2024/03/01,-236.53978012167136,,0
14658,1014,9398.196361113405,Deposit,01/02/2024,18750.20269685785,Kisumu,0
11899,1020,3791.3228611067207,Withdrawal,2024/03/01,3105.4266168480535,Mombasa,0
17734,1046,5630.08097836323,Transfer,invalid_date,31447.596114522974,Nairobi,0
11267,1072,4418.387839711924,PAYMENT,invalid_date,36845.79746016899,Mombasa,0
11528,1052,6678.369735432624,Withdrawal,invalid_date,5038.008459239982,Mombasa,0
13556,1008,6071.154893776858,PAYMENT,2024-01-01,14987.538617665214,,0
13890,1073,6057.497691599322,Withdrawal,01/02/2024,31447.596114522974,Mombasa,0
18838,1051,2180.9773650536113,Transfer,2024/03/01,3671.221615096276,Mombasa,0
15393,1056,3379.85383158102,Transfer,2024-01-01,11411.87272079311,,1
18792,1025,3593.4569548730533,payment,2024/03/01,6417.883314738045,,0
18433,1040,3001.374484699725,Withdrawal,2024-01-01,16362.968838994846,Nairobi,0
17513,1034,3767.558893186784,payment,2024-01-01,22482.739329114458,Kisumu,0
12612,1062,5606.2459231836865,Withdrawal,invalid_date,32432.34330479464,Mombasa,0
17041,1024,6751.015961023017,payment,invalid_date,3446.311185941984,,0
19555,1089,5226.800126545209,Transfer,2024-01-01,19227.825565320505,Nairobi,1
16235,1074,5281.877771182873,PAYMENT,invalid_date,24850.01291523228,Kisumu,0
15486,1037,4946.411306728673,payment,2024-01-01,22896.53698209758,,0
17099,1001,4207.212329904391,Withdrawal,01/02/2024,28144.248986165912,Kisumu,0
19670,1006,3666.95903745297,Withdrawal,invalid_date,39883.33993580597,Kisumu,0
10775,1081,5979.881165600146,Transfer,invalid_date,23961.994003841795,Mombasa,0
18226,1090,5902.190593165957,Withdrawal,invalid_date,20323.302327955746,Mombasa,0
13152,1033,5606.889501848091,Deposit,01/02/2024,21094.075990200585,,0
11585,1090,3952.911237426286,PAYMENT,2024-01-01,27603.218753498575,Kisumu,0
13943,1016,6503.480546787152,payment,2024/03/01,18658.443579077357,,1
17555,1042,5412.3819640586535,PAYMENT,invalid_date,30351.28916176733,,0
13073,1058,4128.339318156975,Transfer,2024-01-01,31832.27173712846,Kisumu,0
11021,1050,2675.3856872247648,payment,01/02/2024,22970.83451490835,,0
13843,1053,6156.234194947786,payment,2024/03/01,32916.35226760447,Kisumu,0
17989,1023,5179.216319855217,Deposit,invalid_date,39032.9268772716,Kisumu,0
19692,1024,7142.249147569302,Transfer,01/02/2024,28198.881539817972,Kisumu,0
16873,1070,768.1600090580159,Withdrawal,01/02/2024,25310.966022846074,Kisumu,0
15675,1051,4661.498231887387,Deposit,2024/03/01,14964.95838112701,Nairobi,0
10161,1069,3812.326982003093,Deposit,2024-01-01,21872.955498232182,Kisumu,0
14297,1087,9399.053262322668,PAYMENT,invalid_date,17716.61664700558,Mombasa,0
10995,1032,3579.0949003300966,PAYMENT,invalid_date,5980.919322837621,Mombasa,0
17629,1048,5057.751446298021,PAYMENT,2024-01-01,20641.67125624674,Mombasa,0
19467,1028,7102.388021972081,Deposit,2024-01-01,19840.821549977576,Kisumu,0
11016,1062,5628.105935199719,Withdrawal,2024-01-01,13900.153784814567,Mombasa,0
17869,1021,3688.7272407062937,payment,2024/03/01,33680.98481763813,Nairobi,0
16439,1025,4066.370108420436,PAYMENT,2024/03/01,29362.090095799496,,0
17892,1027,6445.392019045239,Withdrawal,invalid_date,20346.247387592462,Kisumu,0
16863,1084,7058.443582467788,Transfer,2024/03/01,20911.008666061225,Mombasa,0
17916,1048,3281.3194326013786,PAYMENT,01/02/2024,10973.003357774667,Nairobi,0
18529,1070,6591.406283399485,payment,invalid_date,10718.573617209495,,0
10878,1080,8373.975726050783,Transfer,2024/03/01,26493.646843375263,Nairobi,0
19268,1083,3460.4622442382465,Transfer,2024-01-01,20062.11355621786,Mombasa,0
14887,1048,6072.782744568918,payment,01/02/2024,19318.608862126435,Nairobi,0
14859,1019,6741.152431628483,PAYMENT,2024-01-01,8498.279396856124,,0
16331,1085,5283.7221104149985,Deposit,invalid_date,15144.659613605023,Mombasa,0
18571,1091,7304.665217483008,payment,2024-01-01,32624.898948769503,,0
18684,1062,9398.196361113405,payment,2024/03/01,22203.518292735454,Nairobi,0
17208,1060,676.3090764947383,payment,2024/03/01,18732.639642140937,Kisumu,0
15276,1048,5174.629948017127,Transfer,invalid_date,22562.21836081978,Kisumu,0
12062,1070,4300.043745691167,Withdrawal,2024-01-01,27345.981283029956,Kisumu,0
10064,1000,7628.804849538946,Deposit,invalid_date,18310.34793337489,Kisumu,0
18006,1095,5170.7072377756185,PAYMENT,2024-01-01,44415.04342169468,,0
12568,1012,768.1600090580159,PAYMENT,01/02/2024,16720.58079732641,Kisumu,1
15463,1093,7244.35005760337,Withdrawal,2024/03/01,21572.58436785298,,0
12027,1086,4926.447388609104,payment,invalid_date,22214.776976759164,Mombasa,0
12695,1050,8079.213696003029,Deposit,01/02/2024,28266.415353898963,Kisumu,0
19687,1055,4425.786614939501,PAYMENT,01/02/2024,14987.538617665214,,0
15258,1082,2000.825087594134,PAYMENT,invalid_date,5819.400780310634,Kisumu,0
15618,1061,7399.317351717136,payment,invalid_date,9547.856376792895,Kisumu,0
16736,1031,3383.716291185462,Withdrawal,01/02/2024,16690.218263863942,Kisumu,0
10391,1029,2056.6171146586234,Deposit,2024-01-01,17721.12018449338,,0
15892,1028,2780.7089909584856,Withdrawal,01/02/2024,8324.65784687304,Nairobi,0
13561,1048,4804.553893858162,Withdrawal,invalid_date,2829.3805155795126,Kisumu,1
16184,1044,4848.352756963473,Deposit,01/02/2024,28112.035278626736,Kisumu,0
13099,1092,6362.592348840943,Deposit,2024-01-01,6558.971838175865,Mombasa,0
16278,1029,1500.0442515624063,PAYMENT,2024/03/01,10195.92590201962,Nairobi,0
18392,1015,6396.499827555632,PAYMENT,2024/03/01,20797.56526899216,,0
13104,1039,5663.943467906965,Deposit,01/02/2024,31833.23810443157,Mombasa,0
17215,1018,5692.355491665483,Transfer,2024-01-01,33196.35662243719,Kisumu,0
12454,1017,5057.751446298021,PAYMENT,2024/03/01,31971.864846224278,Mombasa,0
18996,1000,6269.81560822744,Transfer,01/02/2024,7698.617562419122,Mombasa,0
12731,1077,7261.406617229002,Deposit,01/02/2024,12788.154431485444,Kisumu,0
18154,1046,5508.4984082698575,PAYMENT,2024-01-01,36974.3218133677,Nairobi,0
19762,1065,4526.839298541718,Withdrawal,invalid_date,32902.61129046064,Nairobi,0
15056,1091,5056.405423043855,Deposit,01/02/2024,-8998.937802749988,Mombasa,0
18110,1093,3607.160414154793,payment,invalid_date,33259.6997047509,Kisumu,0
13840,1037,3455.2604313713996,Transfer,invalid_date,29965.246338965808,,0
11028,1050,4380.235852712497,Deposit,2024/03/01,25957.02250175515,Mombasa,0
17385,1062,3190.9706220211347,Deposit,invalid_date,27345.981283029956,,0
10502,1003,4212.037273395157,PAYMENT,2024-01-01,20941.242677892762,Mombasa,0
16910,1000,3836.3243361659584,PAYMENT,2024/03/01,33005.26858596006,Mombasa,0
19062,1007,7142.249147569302,PAYMENT,2024/03/01,20739.32787030502,Kisumu,0
16938,1028,4768.755770085089,payment,2024/03/01,29965.246338965808,Kisumu,0
14488,1054,7121.28586097233,PAYMENT,01/02/2024,45016.45035135113,,0
10206,1002,7268.961040168637,Deposit,01/02/2024,23593.025800857547,,1
15134,1031,6064.060386584904,PAYMENT,invalid_date,35080.475914191535,Nairobi,0
15977,1009,6546.214413390475,Withdrawal,2024/03/01,2582.9644691982285,Kisumu,0
17721,1073,6678.369735432624,PAYMENT,2024/03/01,25293.06211790573,Mombasa,0
17035,1082,7264.069972590072,payment,2024-01-01,7698.617562419122,Mombasa,0
11484,1033,8278.977318835005,Withdrawal,invalid_date,22000.14851171748,Nairobi,0
17858,1096,4794.31167372786,Deposit,2024-01-01,3786.058438778311,Kisumu,0
10863,1086,6158.58028860977,Deposit,invalid_date,19016.07017248762,Mombasa,0
12790,1054,4589.439451610042,Transfer,invalid_date,25714.083877187804,Nairobi,0
17408,1091,5920.141212694876,Withdrawal,01/02/2024,36040.9125347724,Nairobi,0
18755,1031,5172.14572998735,Transfer,01/02/2024,21195.986782174492,Mombasa,0
15116,1049,3123.645249144589,Withdrawal,2024-01-01,18367.735717690935,Mombasa,0
16019,1006,5663.943467906965,Withdrawal,invalid_date,20641.67125624674,,0
11757,1092,5911.379337334502,payment,2024/03/01,24881.048177193057,Kisumu,0
17574,1007,1785.2806859948405,Transfer,01/02/2024,42782.43070582276,,0
16374,1064,7887.993331149091,payment,2024/03/01,9056.352024498567,Nairobi,0
16892,1056,2636.114298144958,Withdrawal,2024-01-01,32121.58688550331,Mombasa,0
11678,1066,3393.272407879458,Deposit,01/02/2024,36497.83686240802,,0
13242,1087,8283.053897288302,Withdrawal,01/02/2024,31470.613778404302,Nairobi,0
14636,1086,3659.4999565475246,payment,invalid_date,22214.776976759164,Kisumu,0
11059,1058,3569.0566057370565,Transfer,2024-01-01,2918.8060539187027,Mombasa,0
16668,1071,3102.5563541577494,Transfer,invalid_date,22482.739329114458,,0
19914,1053,5246.65814878108,payment,01/02/2024,18926.452092859836,Kisumu,0
13157,1066,6158.58028860977,Transfer,2024-01-01,25507.877351167637,,0
15915,1050,3231.9690908815874,PAYMENT,01/02/2024,25631.354551682594,Nairobi,0
19789,1096,5371.534984173542,Deposit,2024-01-01,23819.66457524095,Kisumu,0
12693,1091,2795.4393562737014,Deposit,01/02/2024,8778.467621190028,,0
13627,1007,3585.3893193433346,Deposit,2024/03/01,58.71156520743534,Kisumu,0
19555,1033,5054.6455217283465,Transfer,2024/03/01,10718.573617209495,Nairobi,0
15450,1034,3795.7892944374826,Transfer,invalid_date,20280.129153588892,Kisumu,1
11663,1095,132.19548690393094,Withdrawal,2024/03/01,29673.112330382155,,0
19721,1087,7858.6485254257095,Withdrawal,01/02/2024,13706.47900313315,Nairobi,0
15592,1077,5482.09695421633,Deposit,01/02/2024,31222.035676977153,Mombasa,0
17392,1031,4850.178310689963,PAYMENT,2024/03/01,19046.902789506494,,0
11306,1045,6451.5336463260655,Withdrawal,invalid_date,6028.476934518483,,0
16776,1015,4801.414579916687,Withdrawal,2024/03/01,19000.302201830968,Nairobi,0
15864,1067,6445.392019045239,Transfer,2024-01-01,8535.996932822156,Nairobi,0
19474,1036,2745.153887706984,PAYMENT,2024-01-01,8778.467621190028,Mombasa,0
17526,1053,4451.543285890938,Deposit,2024-01-01,19028.688908423628,,0
18901,1084,4794.31167372786,Withdrawal,2024/03/01,14964.95838112701,Nairobi,0
15575,1013,6093.383211542626,PAYMENT,2024/03/01,28965.886542360182,Mombasa,0
15530,1094,7564.197841917108,PAYMENT,2024/03/01,17079.91454486974,Mombasa,0
14413,1054,7421.47907787817,Deposit,2024-01-01,34555.80818489354,Nairobi,0
13748,1047,5826.113067572365,PAYMENT,invalid_date,13751.235822344499,,0
10663,1081,3791.3228611067207,PAYMENT,01/02/2024,15123.260257210008,Kisumu,0
11998,1006,6585.865880971836,PAYMENT,2024/03/01,30936.976406914415,Kisumu,0
17994,1073,5229.738087077764,Withdrawal,invalid_date,13848.123242843929,Mombasa,0
11495,1006,8721.368891741076,Deposit,01/02/2024,22353.179614390996,Kisumu,0
13304,1032,2852.7419879957706,PAYMENT,01/02/2024,14456.62032686669,Kisumu,0
13763,1022,2620.4769165358,PAYMENT,01/02/2024,23196.326759174764,Nairobi,0
15232,1084,3091.8765045073555,Withdrawal,invalid_date,6790.746939366989,Mombasa,0
11853,1018,5332.531291801467,Deposit,invalid_date,2674.559756456463,,0
16585,1018,5826.113067572365,Transfer,2024-01-01,13766.493197097381,Mombasa,0
11291,1035,4901.24619288763,Withdrawal,invalid_date,18755.726768935816,Nairobi,0
13581,1028,10347.021940792958,Deposit,invalid_date,21428.093924425833,Kisumu,0
17554,1059,6730.63380404076,PAYMENT,invalid_date,17874.21372011432,,0
17280,1081,3859.7082414339293,Deposit,01/02/2024,5390.750613483426,Mombasa,0
11636,1001,1407.9420270338487,Deposit,2024/03/01,5257.627211045901,Kisumu,0
13696,1000,6715.766212262861,Deposit,2024-01-01,29994.190326779113,Mombasa,0
10698,1046,768.1600090580159,Transfer,2024/03/01,10216.77792408057,,0
14737,1068,5773.930597709084,Deposit,2024/03/01,24034.36862871291,Mombasa,0
10854,1019,5312.375645881755,Transfer,invalid_date,12809.93332318596,Mombasa,0
18164,1010,2383.902956883163,PAYMENT,2024-01-01,24221.085934899056,Mombasa,0
15855,1001,5296.063516319375,Transfer,2024/03/01,35094.576934076904,Kisumu,0
17392,1066,6862.018928655711,PAYMENT,2024/03/01,10487.306068616981,,0
16528,1086,2969.57319370957,PAYMENT,2024-01-01,16710.55914642698,,0
15249,1011,3958.1723613266304,Transfer,invalid_date,21240.451184267204,Kisumu,0
15172,1019,3585.3893193433346,Withdrawal,2024/03/01,24169.295032648166,Kisumu,0
11707,1004,4737.194187955523,payment,01/02/2024,18251.79636036124,Kisumu,0
15791,1036,5332.531291801467,Deposit,2024/03/01,-6270.65356808166,Nairobi,0
19925,1037,5097.349676653652,payment,01/02/2024,14949.83149632664,Mombasa,0
15535,1093,6709.80075924142,Deposit,invalid_date,28469.465017699127,Mombasa,0
14931,1008,5546.733491943849,Deposit,2024/03/01,16018.5798941153,,0
13510,1097,3393.272407879458,PAYMENT,2024-01-01,12529.606793007253,Mombasa,0
10202,1052,6460.2267130194705,Deposit,2024-01-01,13617.230343028525,Nairobi,0
14218,1043,8278.977318835005,Deposit,2024/03/01,23795.503046122296,Kisumu,0
18958,1098,6451.5336463260655,Transfer,invalid_date,25967.586463018495,,0
14389,1085,5734.464598844427,payment,invalid_date,32030.478522059246,,0
12327,1023,6897.01640743334,Transfer,2024-01-01,14309.726377248066,Mombasa,0
18004,1080,697.5407642586606,Deposit,2024/03/01,23687.380592769307,,0
12931,1073,3827.8857962587504,PAYMENT,invalid_date,16287.25287385747,Kisumu,0
17777,1029,2901.9861548590275,Transfer,2024-01-01,23388.915982185215,,0
10197,1058,6718.6201953868895,Transfer,01/02/2024,8900.47162963751,Kisumu,0
17125,1086,5735.044605018741,Withdrawal,2024/03/01,15937.57551130472,Nairobi,0
11930,1095,8172.747760318032,Deposit,01/02/2024,29160.103197910903,Nairobi,0
16287,1080,3279.87828975385,PAYMENT,01/02/2024,24508.913752125147,Kisumu,0
18800,1080,5902.190593165957,Transfer,invalid_date,7789.225359119326,Mombasa,0
19339,1013,5842.946899751806,Transfer,invalid_date,26301.487764278616,,0
14282,1008,3410.8789451828916,PAYMENT,invalid_date,23830.821570448188,Mombasa,0
12511,1039,5734.464598844427,Deposit,2024/03/01,34067.80855788039,,0
19986,1065,6613.128353361999,Withdrawal,01/02/2024,18935.121168194528,Nairobi,0
10659,1024,7321.36499139425,Transfer,2024/03/01,897.880712135302,Nairobi,0
12811,1072,6472.778940369195,Withdrawal,invalid_date,39032.9268772716,Nairobi,0
17098,1021,216.55668457441334,payment,01/02/2024,23196.326759174764,,0
16546,1003,3181.2704607187743,Deposit,2024/03/01,31248.370601157018,Nairobi,0
19561,1025,7780.854948812765,payment,2024/03/01,19576.31589458327,Nairobi,0
11986,1057,6238.074396572587,payment,2024-01-01,1651.9197036544429,Nairobi,0
18338,1028,4453.071507090352,payment,2024/03/01,18354.39030377326,Nairobi,0
12911,1097,6813.71539025147,Deposit,invalid_date,31817.613956614943,Mombasa,0
11734,1086,5624.983360514278,Deposit,2024/03/01,11785.3047097035,Nairobi,0
11843,1036,5871.111696749626,PAYMENT,01/02/2024,28534.21451492115,Nairobi,0
18680,1074,2143.9383337984705,Withdrawal,2024/03/01,18354.39030377326,Mombasa,0
12976,1069,5746.792383827111,Withdrawal,2024-01-01,35101.10679930411,Mombasa,0
11959,1017,5416.710591918559,PAYMENT,01/02/2024,13409.932417676664,,0
15759,1084,9931.46791083986,PAYMENT,01/02/2024,42042.2896929564,Kisumu,0
16694,1041,2120.8718932476318,payment,2024-01-01,34713.935483488036,Nairobi,0
12385,1099,4589.439451610042,PAYMENT,invalid_date,5819.400780310634,Nairobi,0
14736,1040,3113.2339012601287,Transfer,01/02/2024,7506.047969404721,Nairobi,0
11802,1037,3173.6021884367774,Withdrawal,invalid_date,7255.071175009773,,0
18155,1033,6468.521834353451,PAYMENT,01/02/2024,16646.000796211716,Nairobi,0
18120,1016,6523.607556173567,Transfer,01/02/2024,18957.014886222732,Kisumu,0
16616,1036,7155.907790211515,Transfer,invalid_date,23795.503046122296,Mombasa,0
15534,1024,3562.6361491134403,Transfer,01/02/2024,31222.035676977153,,0
14061,1075,2685.3600260310313,Transfer,invalid_date,3073.183844890631,Mombasa,0
10262,1086,7512.872684690378,payment,2024-01-01,23916.706156152715,Nairobi,0
16287,1085,5169.565729287918,Transfer,invalid_date,29370.668751020312,Nairobi,0
18815,1084,8283.053897288302,payment,2024-01-01,30160.93521646967,Nairobi,0
19208,1026,4839.481907584908,payment,01/02/2024,36040.9125347724,Kisumu,0
12049,1056,1923.928584469118,Transfer,invalid_date,30544.121122194112,Kisumu,0
15423,1030,7316.2216960486,Withdrawal,01/02/2024,13946.07076072461,,0
14548,1005,6925.337839171063,Transfer,invalid_date,10087.096183596788,Mombasa,1
13108,1090,5347.832167667525,Transfer,2024-01-01,17470.48300774236,Nairobi,0
17158,1039,2837.1607425091925,Transfer,2024-01-01,18201.833686199596,Nairobi,0
17400,1097,4615.352173855271,Withdrawal,invalid_date,15082.621512092728,Nairobi,0
13170,1011,3836.3243361659584,Deposit,2024-01-01,10857.186892033582,Nairobi,0
19874,1052,4918.8563465096495,Deposit,01/02/2024,10487.306068616981,Kisumu,0
12255,1070,3231.9690908815874,payment,01/02/2024,30932.3710758221,Mombasa,0
11154,1009,2098.5761645130474,payment,2024/03/01,5257.627211045901,Mombasa,0
14499,1044,-186.2923686834847,Withdrawal,2024-01-01,34458.64659642031,,0
16295,1016,6699.4335128092225,PAYMENT,01/02/2024,19654.78200168689,Kisumu,0
16197,1025,6546.214413390475,Deposit,invalid_date,17938.754927473587,Nairobi,0
19888,1084,5610.639559094132,payment,2024-01-01,14598.969064012152,Mombasa,0
11648,1091,3328.091840838608,Deposit,01/02/2024,13617.230343028525,Mombasa,0
15539,1061,1500.0442515624063,Withdrawal,2024-01-01,15152.093236431068,Kisumu,1
19637,1045,3190.9706220211347,Withdrawal,invalid_date,16018.5798941153,,0
14199,1063,4174.95069496571,PAYMENT,01/02/2024,22230.912250598944,,0
18445,1001,6268.482286118445,PAYMENT,2024/03/01,11740.158219734836,Nairobi,0
12557,1053,10093.666562897288,Withdrawal,2024/03/01,28469.465017699127,,0
15592,1064,5808.514390026905,payment,2024-01-01,22353.882605480125,Mombasa,0
10098,1050,4844.932369612013,Deposit,invalid_date,9547.856376792895,,0
12200,1052,7446.380210853316,Transfer,01/02/2024,16780.156335407486,Nairobi,0
12961,1035,5005.564741843158,PAYMENT,invalid_date,-236.53978012167136,Mombasa,0
14973,1025,5715.248518647789,Transfer,01/02/2024,26215.2184861589,,0
14433,1028,7167.212159660371,payment,2024-01-01,1651.9197036544429,,0
12869,1020,6262.113036043012,PAYMENT,01/02/2024,17236.80364873552,Kisumu,0
10956,1010,3228.1680080814417,Transfer,invalid_date,16306.132679363156,Nairobi,0
18352,1039,3812.326982003093,payment,invalid_date,27603.218753498575,,0
15699,1010,5229.738087077764,Deposit,2024-01-01,10595.397102142428,Kisumu,0
16944,1035,6151.559565332906,payment,invalid_date,2951.3139826938386,Mombasa,0
14493,1058,4147.145949773665,PAYMENT,01/02/2024,18711.008158818102,Kisumu,0
19492,1038,4289.376227764133,Withdrawal,2024-01-01,16190.035940666092,Kisumu,0
14911,1098,3593.4569548730533,Deposit,01/02/2024,24121.091610202864,,0
13987,1053,6704.7027137889445,Transfer,invalid_date,16938.3414214449,,0
19719,1097,4082.086228350853,PAYMENT,2024-01-01,22789.91794748474,,0
16015,1054,5776.485295570688,Withdrawal,01/02/2024,14780.932498949707,Kisumu,0
11218,1023,3778.220216862822,payment,invalid_date,12580.165719080553,Mombasa,0
14496,1021,4892.51098206175,Withdrawal,invalid_date,23187.966911589338,Nairobi,0
14735,1068,5226.800126545209,PAYMENT,2024/03/01,25886.52679382435,Kisumu,0
14555,1055,3341.925083293584,PAYMENT,invalid_date,14136.393140287064,,0
19146,1032,768.1600090580159,Withdrawal,01/02/2024,29319.345423163097,Nairobi,0
18050,1035,5483.733403027081,payment,2024-01-01,34067.80855788039,Mombasa,0
13446,1019,7268.961040168637,Withdrawal,2024/03/01,20653.505960977633,Nairobi,0
11045,1082,4716.6086479047535,PAYMENT,invalid_date,38095.14918518606,,0
16893,1098,3001.374484699725,PAYMENT,invalid_date,19618.59914558351,Kisumu,0
11693,1080,960.8889020456627,Transfer,invalid_date,24232.123744570177,Kisumu,0
13436,1061,4563.497672514327,Transfer,01/02/2024,44142.17312238733,,0
18754,1097,5179.216319855217,Deposit,2024/03/01,18750.20269685785,Kisumu,0
15895,1072,5229.421236327937,PAYMENT,01/02/2024,-6206.709596810528,,0
13354,1025,2357.98700826966,Transfer,2024/03/01,18201.833686199596,Kisumu,0
10225,1065,1012.1383274639284,Withdrawal,2024-01-01,12099.87197918924,Kisumu,0
14893,1072,3353.7638773038407,payment,01/02/2024,5390.750613483426,Kisumu,0
17022,1072,2000.825087594134,Withdrawal,01/02/2024,36040.9125347724,Mombasa,0
19151,1039,3811.7308464502266,payment,2024-01-01,25336.47995368887,Mombasa,0
15600,1016,3060.952220960042,Transfer,2024/03/01,13900.637055533396,,0
17996,1000,3666.95903745297,Deposit,invalid_date,19171.393274640846,Mombasa,0
19007,1088,6156.234194947786,Withdrawal,2024-01-01,3531.3614170715373,,0
17683,1060,6044.83722656513,Withdrawal,invalid_date,21596.47769407903,Nairobi,0
14642,1042,3519.9061643544574,Withdrawal,invalid_date,38065.34671459334,Nairobi,0
17679,1041,7142.249147569302,payment,2024-01-01,11319.360933247694,Mombasa,0
18208,1024,4768.755770085089,Transfer,2024/03/01,33369.20437564713,Nairobi,0
17339,1038,4274.56862084014,Withdrawal,invalid_date,22622.14732236855,Nairobi,0
19435,1034,5865.457198260368,Withdrawal,2024-01-01,32526.15719619557,Kisumu,0
12205,1002,2837.1607425091925,Deposit,01/02/2024,38483.50629267427,Kisumu,0
11069,1043,5463.025478591143,Deposit,01/02/2024,17099.625603936278,,0
13444,1050,9399.053262322668,Transfer,01/02/2024,15898.737548152438,Nairobi,0
11060,1093,3883.781284588088,Transfer,2024-01-01,22970.83451490835,,0
12327,1097,4284.177819237675,PAYMENT,01/02/2024,17236.80364873552,,0
13420,1011,5440.139265933439,Deposit,invalid_date,28280.660763723794,Nairobi,0
10301,1018,4968.360579475864,PAYMENT,01/02/2024,7506.047969404721,Mombasa,0
10606,1043,3341.925083293584,payment,01/02/2024,14130.343129076778,Nairobi,0
13170,1058,1625.5011530938577,PAYMENT,invalid_date,28479.32173353264,Kisumu,0
10699,1048,2093.6697074914446,Withdrawal,01/02/2024,8267.304439960699,Nairobi,0
15088,1060,3585.3893193433346,PAYMENT,invalid_date,14382.17505169985,Mombasa,0
19331,1016,6107.666663563092,Transfer,01/02/2024,30839.20966535608,,0
10190,1073,3874.799436692615,payment,invalid_date,22214.776976759164,,0
10980,1056,2434.1213414034105,Withdrawal,01/02/2024,21465.09200958443,Kisumu,0
12975,1054,5586.787911283806,PAYMENT,invalid_date,28607.246772401177,Kisumu,0
16102,1046,6027.081416327028,payment,2024-01-01,30966.52268766096,Kisumu,0
11184,1011,8829.424611995984,payment,invalid_date,13900.153784814567,,0
13327,1061,9383.81470948883,Withdrawal,01/02/2024,11411.87272079311,Kisumu,0
13394,1079,4008.606514620111,PAYMENT,01/02/2024,21933.20324754466,Nairobi,0
18319,1087,8373.975726050783,payment,2024/03/01,12713.475856798232,,0
11816,1082,4119.985218009195,payment,invalid_date,6028.476934518483,Mombasa,0
15854,1007,3019.947527387477,Deposit,2024-01-01,15709.361230985422,,0
16709,1094,-1703.2210338093564,payment,invalid_date,18251.79636036124,Nairobi,0
10569,1020,3314.76015721954,Deposit,invalid_date,32121.58688550331,Nairobi,0
15442,1080,7186.1371732264215,PAYMENT,2024-01-01,24169.295032648166,Kisumu,0
11895,1086,4908.238436038162,PAYMENT,invalid_date,13645.768931642448,,0
12733,1079,1934.5292622084812,PAYMENT,2024-01-01,24657.733184908233,,1
13863,1069,2861.4988120956837,Transfer,2024-01-01,14240.551885762721,,0
17455,1071,2098.5761645130474,PAYMENT,invalid_date,31273.74010445556,Mombasa,0
14014,1024,3001.374484699725,payment,invalid_date,20686.370484277155,Kisumu,0
11686,1081,3119.7021711265734,Withdrawal,01/02/2024,14192.318932495391,Nairobi,0
13009,1088,5173.718326323606,Deposit,01/02/2024,16795.37450240356,Nairobi,0
17806,1011,600.7785629988921,Transfer,2024/03/01,19576.31589458327,Kisumu,0
10154,1014,3666.95903745297,PAYMENT,2024/03/01,18938.80484430668,Nairobi,0
11409,1058,5939.99652152634,PAYMENT,invalid_date,13409.932417676664,Nairobi,0
10784,1025,5169.565729287918,Withdrawal,2024-01-01,31936.448655732274,Kisumu,0
18096,1025,697.5407642586606,Withdrawal,2024/03/01,30409.140828073738,Nairobi,0
17560,1046,6925.337839171063,Transfer,invalid_date,14598.969064012152,,0
17343,1031,5606.2459231836865,Deposit,2024/03/01,9414.962790041876,Mombasa,0
17206,1009,7321.36499139425,PAYMENT,2024-01-01,16794.404174738145,Kisumu,0
15596,1015,5603.445025365797,Transfer,invalid_date,20174.55465252656,Mombasa,0
15801,1070,5097.349676653652,payment,2024-01-01,23522.904441662864,Nairobi,0
12806,1016,3849.42058019446,payment,invalid_date,15126.105837098947,Nairobi,0
10537,1022,3995.7939918022403,Transfer,2024/03/01,21094.075990200585,,0
15986,1025,3898.616856939374,PAYMENT,01/02/2024,22203.518292735454,Kisumu,0
11841,1084,4975.443445775365,Transfer,2024/03/01,17676.955062638306,Nairobi,0
18716,1085,3353.7638773038407,PAYMENT,2024/03/01,11477.983686784164,Kisumu,0
16971,1006,-262.86376683981234,Withdrawal,01/02/2024,17970.825369895552,Kisumu,0
15625,1013,3879.08980344012,Transfer,01/02/2024,18609.49680212801,Kisumu,0
12950,1078,3200.424274431655,PAYMENT,invalid_date,20966.76121140232,Kisumu,0
17992,1006,4662.820758378502,Transfer,invalid_date,11488.368597502942,Kisumu,0
14780,1008,5281.877771182873,Transfer,2024-01-01,22301.01173469863,Mombasa,0
12368,1047,5855.7413543807725,PAYMENT,2024-01-01,34049.4232921812,,0
16655,1071,3649.0771102884437,PAYMENT,2024/03/01,28965.886542360182,Kisumu,0
18173,1058,3982.565557804312,Deposit,01/02/2024,12404.933385935514,Mombasa,0
14495,1086,7956.253652346522,Transfer,2024-01-01,22004.51504340317,Nairobi,0
19163,1092,3091.8765045073555,payment,2024/03/01,28091.160682419202,Kisumu,0
16002,1081,3596.6561799518486,Transfer,01/02/2024,28280.660763723794,Nairobi,0
16614,1094,3767.558893186784,Transfer,invalid_date,17378.548561320942,Kisumu,0
19358,1093,4584.737894035242,PAYMENT,2024/03/01,3574.4664636687885,Mombasa,0
15919,1038,4393.814111210615,Transfer,invalid_date,15261.35129840471,Mombasa,0
10853,1098,4365.308814542783,Transfer,2024-01-01,22301.01173469863,Mombasa,0
14146,1017,6336.9362590582205,payment,2024-01-01,11952.40653381261,,1
13769,1058,10093.666562897288,PAYMENT,01/02/2024,16287.25287385747,Nairobi,0
10574,1016,2482.5367014739786,Transfer,2024/03/01,21815.133315075545,,0
11148,1013,5288.500045634782,Withdrawal,invalid_date,14069.2786556777,Kisumu,0
16293,1030,4220.8067862824155,Deposit,01/02/2024,20247.63538095803,Nairobi,0
16457,1023,3410.8789451828916,payment,2024-01-01,24730.50928233213,Mombasa,0
17509,1098,4026.48598298143,Transfer,2024-01-01,2788.2417471027584,Nairobi,0
19907,1059,7244.35005760337,Withdrawal,2024/03/01,34555.80818489354,Mombasa,0
14777,1044,676.3090764947383,Transfer,invalid_date,18547.487057450115,,0
13854,1097,2981.6834213007396,Transfer,2024/03/01,18568.842630362222,,0
12491,1002,2986.878017824196,PAYMENT,invalid_date,8451.340203254167,Mombasa,0
13124,1036,6057.497691599322,PAYMENT,invalid_date,8628.212241974397,Mombasa,0
15691,1042,6093.383211542626,PAYMENT,2024/03/01,31461.782607048604,Kisumu,0
13051,1039,1754.1775050976535,Withdrawal,01/02/2024,20346.247387592462,,0
10004,1089,6670.988555841523,Transfer,2024/03/01,18505.68513988911,,0
15222,1054,6150.739254384751,Deposit,2024/03/01,41484.82849148776,Kisumu,0
15315,1086,1837.4848581610381,payment,2024-01-01,31825.657270608714,,0
14869,1038,5610.639559094132,PAYMENT,2024-01-01,1380.4986512595278,Mombasa,1
10876,1014,5296.063516319375,PAYMENT,2024/03/01,5390.750613483426,Nairobi,0
19183,1003,5549.362147985706,Transfer,2024/03/01,25914.15509286386,Nairobi,0
17027,1092,3354.7571690217983,Transfer,2024-01-01,16270.594795698635,,0
14142,1085,3325.361841337217,Withdrawal,invalid_date,17947.7161744419,Kisumu,0
16966,1024,6396.499827555632,Withdrawal,2024/03/01,5372.336928888792,Mombasa,0
17079,1012,7024.135729407716,PAYMENT,01/02/2024,8656.036172935103,Nairobi,0
17987,1081,8278.977318835005,Transfer,01/02/2024,7698.617562419122,Mombasa,0
16799,1032,7823.418751862911,Deposit,01/02/2024,11087.830519581004,,0
14465,1015,6736.887021481991,payment,2024/03/01,8125.345982615614,,0
10635,1041,7152.7439904823605,Transfer,invalid_date,28932.446283671285,Nairobi,1
11693,1065,4718.331274388286,Transfer,invalid_date,36974.3218133677,,0
19874,1054,3341.925083293584,Withdrawal,2024-01-01,8628.212241974397,Kisumu,1
14752,1098,6720.408484040969,payment,2024/03/01,31222.035676977153,,1
18311,1041,8536.596616793544,PAYMENT,invalid_date,1124.6809699187397,,0
10830,1033,5172.14572998735,Transfer,2024/03/01,23386.983688391854,,0
15177,1029,600.7785629988921,PAYMENT,2024-01-01,7789.225359119326,Mombasa,0
19561,1012,7399.317351717136,Transfer,2024-01-01,33414.31975373703,Mombasa,0
18932,1012,8829.424611995984,PAYMENT,2024-01-01,9547.856376792895,Nairobi,0
18308,1017,5323.126026879978,payment,01/02/2024,20327.07756268768,Nairobi,1
15949,1031,2170.0947785671196,Withdrawal,2024/03/01,27754.237330893746,Nairobi,0
12838,1095,4129.686804290496,payment,2024-01-01,16036.836334315838,,0
11150,1098,5225.575725258187,Deposit,2024/03/01,22502.953101830426,Mombasa,0
17560,1038,4786.697417127209,Withdrawal,01/02/2024,21240.451184267204,Kisumu,0
11931,1045,6460.2267130194705,payment,01/02/2024,8920.583290850042,,0
19204,1028,6888.579284364563,Deposit,2024-01-01,21493.56201465785,,0
11664,1061,4769.654144460116,Transfer,2024-01-01,4265.502398977815,,0
11081,1092,4425.786614939501,Transfer,invalid_date,21965.635476424643,Kisumu,0
10512,1061,6699.4335128092225,PAYMENT,2024/03/01,16649.005212007654,Nairobi,0
17805,1056,6027.081416327028,Withdrawal,2024-01-01,22973.94853531108,Kisumu,0
15237,1015,6057.497691599322,Transfer,invalid_date,21123.211654698123,Nairobi,0
10559,1055,5403.401119833094,Withdrawal,2024/03/01,14240.551885762721,Kisumu,0
13672,1009,3502.729371927334,Transfer,2024-01-01,21848.10302489739,Mombasa,0
17404,1029,4973.230768693922,PAYMENT,invalid_date,21825.292803974386,,0
13343,1024,4328.04098085411,payment,invalid_date,5390.750613483426,,0
14070,1083,2383.902956883163,PAYMENT,2024/03/01,26198.09107530301,,0
19662,1004,5396.57875474373,Deposit,invalid_date,18251.79636036124,Nairobi,0
10580,1064,3404.0810445171114,Transfer,2024/03/01,22004.51504340317,Kisumu,0
17004,1093,3411.1478930626386,Deposit,2024/03/01,3544.0738595818584,Mombasa,0
18130,1048,5290.47743356333,Deposit,2024/03/01,31825.657270608714,Kisumu,0
13147,1002,6741.152431628483,Withdrawal,01/02/2024,-4923.431279300647,,0
14249,1044,7244.35005760337,Transfer,invalid_date,36497.83686240802,Mombasa,0
11679,1013,2675.3856872247648,Deposit,2024/03/01,6790.746939366989,Mombasa,0
13506,1029,7823.418751862911,payment,2024-01-01,19160.727451273247,,0
17253,1067,7418.5322219374775,Deposit,01/02/2024,7262.825992745506,Kisumu,0
12744,1017,5092.2282124020885,payment,01/02/2024,17358.28990084666,,0
19435,1061,5586.787911283806,Withdrawal,invalid_date,4369.105018395858,Kisumu,0
15188,1036,6117.481505223684,Deposit,2024/03/01,31512.196407856136,Mombasa,0
12141,1024,5628.105935199719,PAYMENT,invalid_date,14373.079755597671,Mombasa,1
16617,1047,6632.234872114665,Withdrawal,01/02/2024,32050.956534500292,,0
12479,1064,4804.553893858162,payment,2024/03/01,20346.247387592462,Mombasa,0
16484,1052,6312.962423670183,Withdrawal,2024-01-01,30946.716363802767,Nairobi,0
19827,1078,2451.262507241243,Deposit,2024/03/01,12789.499704770109,Mombasa,0
17421,1072,4925.286317516123,Transfer,01/02/2024,19046.902789506494,Nairobi,0
19949,1014,3401.0033336730266,Transfer,2024-01-01,29673.112330382155,Mombasa,0
14452,1048,3534.492740620008,payment,2024/03/01,20686.370484277155,,0
15881,1087,3325.361841337217,payment,2024-01-01,19070.172084104986,,0
16665,1067,7261.406617229002,Transfer,2024-01-01,10278.476017973388,Nairobi,0
12849,1011,4008.606514620111,payment,01/02/2024,16570.348338433458,,0
17390,1058,6010.854293249636,Withdrawal,2024-01-01,8498.279396856124,Mombasa,0
16905,1036,4246.171549172208,PAYMENT,invalid_date,36224.983409010136,Mombasa,0
12489,1060,1565.0085317184808,PAYMENT,01/02/2024,11952.40653381261,,0
19823,1042,5478.616933640691,Withdrawal,invalid_date,13237.587917575762,Mombasa,0
19207,1069,7887.993331149091,PAYMENT,2024-01-01,18471.888829326406,Kisumu,0
19540,1038,5169.565729287918,Deposit,invalid_date,30732.494009259983,Kisumu,0
14611,1055,6235.340736531498,Withdrawal,2024/03/01,14260.699920326424,Mombasa,0
12839,1062,2061.8408787275835,payment,2024-01-01,32916.35226760447,,0
18527,1045,4045.99524017408,Withdrawal,2024/03/01,35753.89474056165,Nairobi,0
15878,1087,2559.365245568449,Transfer,invalid_date,18403.148125117004,,0
19087,1010,3649.0771102884437,payment,2024/03/01,9362.103838979683,Nairobi,0
16303,1061,3811.646502540085,Transfer,2024-01-01,9357.784896644926,,0
10851,1076,3704.6239486331383,payment,2024/03/01,26494.973648592397,Mombasa,0
11687,1097,1151.0236779023003,PAYMENT,invalid_date,23916.706156152715,Kisumu,0
16833,1024,3354.7571690217983,Withdrawal,invalid_date,16649.005212007654,,0
12427,1070,4867.219191813727,Deposit,invalid_date,25967.586463018495,Nairobi,0
19760,1051,8172.747760318032,payment,2024-01-01,16177.727614338482,Kisumu,0
14000,1003,6362.592348840943,payment,invalid_date,9581.524545594713,Nairobi,0
15052,1058,3190.9706220211347,Transfer,2024-01-01,32530.889173020765,Mombasa,0
12738,1071,2180.9773650536113,PAYMENT,2024/03/01,17358.28990084666,Kisumu,0
15732,1019,1339.2177361817044,Transfer,invalid_date,21195.569245984847,Nairobi,0
15387,1092,1878.2181944918693,Transfer,2024/03/01,30466.748272809375,,0
18002,1062,4956.389323836331,PAYMENT,01/02/2024,10978.09559527834,Mombasa,0
15536,1053,1923.928584469118,Deposit,2024/03/01,23314.85262021759,Mombasa,0
13913,1073,2454.350775876986,Transfer,01/02/2024,23687.380592769307,Mombasa,0
11066,1097,3173.6021884367774,Transfer,2024/03/01,24105.32014409252,,0
17723,1056,6715.766212262861,payment,2024-01-01,24455.6458127749,,0
14380,1089,5767.223941575864,PAYMENT,2024/03/01,6790.746939366989,Kisumu,1
14107,1040,2242.9412999135056,Withdrawal,2024-01-01,18557.1205736326,,0
15726,1002,3300.1609086227077,Deposit,2024-01-01,29034.38862487804,Kisumu,0
13373,1005,6373.892985294444,Deposit,invalid_date,12395.818001886264,Mombasa,0
18945,1004,5779.77363894479,PAYMENT,2024-01-01,11158.41520056232,Kisumu,0
12082,1004,3001.374484699725,payment,01/02/2024,12187.032931769416,Nairobi,1
18967,1053,3811.2672553075877,payment,invalid_date,36512.36578687286,Mombasa,0
16748,1046,4685.405149598194,PAYMENT,invalid_date,21195.986782174492,Mombasa,0
19817,1086,1878.2181944918693,payment,2024/03/01,15126.105837098947,Kisumu,0
10417,1048,4506.982614891718,Deposit,2024-01-01,-8998.937802749988,Mombasa,0
18306,1008,8079.213696003029,Deposit,2024-01-01,21240.727257194936,,0
18808,1098,7249.597289186384,Withdrawal,01/02/2024,8656.036172935103,Nairobi,0
13974,1019,5312.7562458365555,PAYMENT,2024/03/01,15898.737548152438,Kisumu,0
13267,1060,5920.141212694876,Transfer,2024/03/01,16070.579981935954,Kisumu,0
10825,1034,8443.702325888664,Transfer,invalid_date,19769.75145553499,Mombasa,0
17668,1049,6730.63380404076,Withdrawal,invalid_date,41167.46821479651,,0
15745,1081,3379.85383158102,Withdrawal,invalid_date,12951.778290020171,Mombasa,0
19708,1061,6523.607556173567,payment,01/02/2024,14350.18088967924,Mombasa,0
10412,1016,3013.087547886645,Withdrawal,01/02/2024,11932.536197905112,Kisumu,0
17543,1087,5097.349676653652,Withdrawal,invalid_date,34182.3878290629,Mombasa,0
17587,1002,7102.388021972081,Transfer,2024/03/01,20795.04732367698,Nairobi,0
10728,1031,3534.492740620008,payment,01/02/2024,16018.5798941153,Mombasa,0
17164,1098,6159.817934943841,Withdrawal,2024/03/01,35101.10679930411,Mombasa,0
18867,1012,6913.713758551148,Withdrawal,2024/03/01,41484.82849148776,Kisumu,0
15988,1088,4526.715628937908,payment,2024-01-01,16720.58079732641,Mombasa,0
12504,1072,6333.96080687632,PAYMENT,invalid_date,14964.95838112701,,0
12967,1067,3651.5591873762723,payment,2024-01-01,24232.123744570177,Kisumu,0
12786,1013,4328.04098085411,Transfer,invalid_date,21634.054740224037,Mombasa,0
11122,1097,3993.709496196837,PAYMENT,invalid_date,23614.155237719795,Nairobi,0
14079,1010,5081.973579551884,Deposit,2024/03/01,897.880712135302,Nairobi,0
11571,1055,4662.820758378502,payment,invalid_date,16570.348338433458,Kisumu,0
15073,1066,6047.520434891359,Transfer,2024/03/01,37786.551265382484,Kisumu,0
15104,1091,1677.4410134444647,PAYMENT,2024/03/01,19046.902789506494,Mombasa,0
12143,1028,9083.491821125705,payment,invalid_date,29495.22917961009,,0
19879,1008,7887.993331149091,Withdrawal,2024/03/01,25957.02250175515,Mombasa,0
16806,1066,6813.71539025147,payment,2024/03/01,29898.60140585999,Nairobi,0
17357,1024,6718.51444999968,Deposit,2024/03/01,21182.119914019368,,0
13440,1097,6686.828618791999,payment,01/02/2024,6558.971838175865,,0
13766,1075,4151.601955943778,PAYMENT,2024/03/01,26082.28895307312,,0
15644,1041,3811.2672553075877,PAYMENT,01/02/2024,16018.5798941153,Mombasa,0
12914,1008,2685.3600260310313,payment,01/02/2024,20957.358338665632,Nairobi,0
14968,1078,5839.331045196139,PAYMENT,2024/03/01,4043.6323911031686,Kisumu,0
15917,1039,5746.792383827111,Withdrawal,2024/03/01,14026.352344625175,Mombasa,0
18787,1024,2383.902956883163,payment,01/02/2024,11548.713891734,Kisumu,0
10728,1004,2424.1052209640006,Withdrawal,01/02/2024,35452.571697547435,,0
11365,1010,2744.991324518808,Withdrawal,2024/03/01,12324.883532325644,,1
14492,1058,6072.782744568918,Transfer,2024/03/01,18658.443579077357,Mombasa,0
10698,1097,2098.5761645130474,payment,invalid_date,897.880712135302,Nairobi,0
17186,1087,6897.879979675188,PAYMENT,01/02/2024,-4923.431279300647,,1
10395,1078,6957.787079825451,Withdrawal,01/02/2024,23830.821570448188,Kisumu,0
17400,1037,2865.966827164248,Transfer,invalid_date,29425.452284534716,Kisumu,0
18082,1071,6362.012477483115,payment,01/02/2024,46376.948879639014,Mombasa,0
14171,1004,6153.676335749187,payment,2024-01-01,38627.464923572625,Kisumu,0
14360,1047,5116.802944205336,Deposit,01/02/2024,19028.688908423628,Nairobi,0
12502,1089,6741.152431628483,Deposit,invalid_date,13422.126107044227,,0
10717,1017,7169.054092990176,Withdrawal,2024-01-01,29823.194827554435,Kisumu,0
12782,1069,1677.4410134444647,Deposit,2024/03/01,17716.61664700558,Kisumu,0
14946,1036,5308.631663267172,Withdrawal,invalid_date,25817.789597188894,,0
15486,1059,10347.021940792958,PAYMENT,invalid_date,23778.29221222158,Mombasa,0
18335,1047,6158.798478348007,Withdrawal,2024/03/01,21241.56590971303,Kisumu,0
14980,1076,3632.8123996701534,Deposit,invalid_date,30817.216943950938,Mombasa,0
17266,1027,2603.6319347953286,PAYMENT,01/02/2024,15462.075148359163,Mombasa,0
14491,1068,2318.942793234966,Deposit,2024/03/01,20327.07756268768,Kisumu,0
17192,1076,5353.022552325489,Withdrawal,invalid_date,22353.179614390996,Nairobi,0
15588,1080,,Transfer,2024/03/01,8622.620041886077,Mombasa,1
17651,1039,3607.695282073758,payment,2024/03/01,17874.21372011432,Kisumu,0
13636,1044,5730.601986043577,Deposit,2024/03/01,28010.80963788186,Mombasa,0
11167,1095,4212.037273395157,Withdrawal,2024-01-01,13900.637055533396,,0
11062,1061,6107.666663563092,PAYMENT,invalid_date,35329.33370535557,Nairobi,0
12156,1092,5628.105935199719,Deposit,2024-01-01,14506.401450645584,Nairobi,0
17860,1057,3859.7082414339293,Deposit,invalid_date,26494.304662030627,,0
15161,1066,6617.971030065952,payment,01/02/2024,23144.79472483405,,0
15305,1055,5225.575725258187,Withdrawal,01/02/2024,12187.032931769416,Mombasa,0
16541,1039,4260.862294292438,Transfer,01/02/2024,20287.908137384817,,0
14729,1097,7690.812381223344,PAYMENT,invalid_date,23611.997437513986,Nairobi,0
19348,1039,3383.716291185462,Withdrawal,2024/03/01,25293.06211790573,,0
17330,1090,4284.177819237675,PAYMENT,2024/03/01,12580.165719080553,Kisumu,0
15334,1076,4222.851793521747,Deposit,2024-01-01,14109.097774685988,Kisumu,0
18924,1032,10092.09666680895,payment,2024-01-01,30548.590692108868,Mombasa,0
14330,1005,2572.1452386948713,payment,01/02/2024,28455.260998852114,Nairobi,0
18010,1087,5642.104666664328,Transfer,2024-01-01,22896.53698209758,Kisumu,0
16801,1018,7418.5322219374775,payment,invalid_date,26494.304662030627,,1
14846,1079,2110.8851129504055,Deposit,invalid_date,20597.678373732826,Kisumu,1
16731,1039,7139.700997402078,Transfer,2024-01-01,29327.43608345579,Kisumu,0
17241,1091,3849.42058019446,Withdrawal,2024-01-01,35094.576934076904,Mombasa,0
10953,1096,9383.81470948883,payment,2024-01-01,31511.294059581902,,0
12539,1058,132.19548690393094,Transfer,2024-01-01,14382.17505169985,,0
17056,1058,5081.973579551884,Deposit,01/02/2024,31273.74010445556,,0
11542,1047,6741.152431628483,PAYMENT,01/02/2024,25957.02250175515,Mombasa,0
15293,1040,4456.175997853127,PAYMENT,2024-01-01,3671.221615096276,,0
11191,1012,3883.781284588088,Deposit,invalid_date,28534.21451492115,,0
16313,1044,5058.093544763488,Deposit,01/02/2024,6030.659085320409,Kisumu,0
16938,1088,1126.9625309837684,PAYMENT,invalid_date,-1986.928122291647,Kisumu,0
12681,1052,8792.988766259123,Transfer,2024/03/01,31511.294059581902,,0
19409,1041,4702.944895276734,PAYMENT,invalid_date,25610.670840259165,Nairobi,0
11540,1099,3275.295253873111,Deposit,2024-01-01,17874.21372011432,Nairobi,0
16172,1062,4041.17628236381,payment,2024/03/01,58.71156520743534,,0
15541,1026,4083.7260255725314,Withdrawal,01/02/2024,31248.370601157018,Nairobi,0
19580,1037,3704.6239486331383,payment,01/02/2024,27540.759331580895,Mombasa,0
11365,1059,5308.631663267172,payment,2024/03/01,18935.121168194528,Kisumu,0
18691,1006,7139.700997402078,Deposit,invalid_date,13900.153784814567,Mombasa,0
19872,1004,4878.958955387383,PAYMENT,01/02/2024,14828.629195512376,Kisumu,0
18702,1044,999999,Transfer,2024-01-01,18658.548237335424,Nairobi,0
17494,1057,5054.6455217283465,payment,2024/03/01,14531.919104273718,Nairobi,1
14312,1030,7035.081833213506,PAYMENT,2024-01-01,17716.61664700558,,0
11324,1022,7477.099909823865,Transfer,2024/03/01,16658.635515401573,Nairobi,0
19347,1041,6784.527320740268,payment,01/02/2024,12809.93332318596,Nairobi,0
13141,1009,3855.4058944318685,Transfer,invalid_date,12580.165719080553,,0
17419,1031,3410.8789451828916,PAYMENT,2024/03/01,20001.866646349732,,0
13486,1052,431.70428503532,Withdrawal,2024/03/01,16152.044658269348,Kisumu,0
11810,1029,4753.643570379902,PAYMENT,2024-01-01,12809.93332318596,Nairobi,0
16588,1038,5702.577618849084,Deposit,01/02/2024,7285.79222874864,Kisumu,0
12923,1030,5542.842987601885,Transfer,2024-01-01,26627.258265192668,Kisumu,0
15301,1081,3607.695282073758,Withdrawal,01/02/2024,12788.154431485444,Mombasa,0
14186,1099,4755.306194717789,Transfer,2024-01-01,15082.621512092728,Nairobi,0
18905,1001,3190.9706220211347,Transfer,2024/03/01,28932.446283671285,Nairobi,1
15977,1077,5781.226355458723,payment,2024-01-01,30080.040042932596,Mombasa,0
14268,1076,6516.212397034944,Deposit,invalid_date,41167.46821479651,Kisumu,0
14748,1092,4642.780050905311,Transfer,01/02/2024,26082.28895307312,Nairobi,0
14849,1011,6066.028158302278,PAYMENT,01/02/2024,26771.81686725047,Kisumu,0
19435,1038,5989.191496642197,PAYMENT,2024/03/01,21094.075990200585,Mombasa,0
13709,1065,3201.676745995922,payment,01/02/2024,26795.756851606413,,0
19273,1095,7620.146188875706,Deposit,invalid_date,38095.14918518606,Kisumu,0
16619,1012,6388.812637890742,Deposit,2024-01-01,12713.475856798232,Nairobi,1
18647,1045,4589.439451610042,PAYMENT,2024/03/01,9387.064682885182,,0
19086,1026,4589.439451610042,Withdrawal,invalid_date,14588.746274651572,Kisumu,0
19576,1016,1651.4045589227394,payment,01/02/2024,24232.123744570177,Kisumu,0
13072,1094,6047.520434891359,payment,01/02/2024,36843.48516124981,,0
16530,1097,3579.0949003300966,PAYMENT,invalid_date,33700.4366117099,,0
10504,1059,2344.5682084867744,PAYMENT,2024-01-01,12428.731531839498,,0
11214,1063,7142.249147569302,Withdrawal,2024-01-01,20062.11355621786,Nairobi,0
11531,1087,5310.854661485873,Withdrawal,2024/03/01,6028.476934518483,Nairobi,0
17576,1034,3596.6561799518486,Deposit,01/02/2024,23819.66457524095,Kisumu,0
10823,1069,5308.631663267172,payment,invalid_date,12296.170612838763,Kisumu,0
10928,1082,7183.102848627994,payment,2024-01-01,12099.87197918924,Mombasa,0
15029,1029,7169.054092990176,PAYMENT,2024/03/01,18755.726768935816,Nairobi,0
10133,1070,1752.0855824779173,Deposit,01/02/2024,20739.32787030502,Kisumu,0
12105,1073,600.7785629988921,payment,01/02/2024,9426.021422561025,,0
13627,1095,7654.156204027333,Deposit,2024/03/01,14638.278333760103,,0
16316,1097,5310.854661485873,Deposit,2024/03/01,15937.57551130472,Nairobi,0
11852,1062,3731.3137883286427,PAYMENT,2024-01-01,13759.012876742898,,1
14910,1027,2170.0947785671196,Deposit,invalid_date,13409.932417676664,Mombasa,0
14175,1059,6262.113036043012,Withdrawal,01/02/2024,22976.049427971222,Kisumu,0
15348,1078,4395.50064815696,Withdrawal,invalid_date,10917.938177114296,Kisumu,0
19442,1093,3876.2286729051425,Transfer,01/02/2024,19388.115622209785,Kisumu,0
16190,1036,3849.42058019446,PAYMENT,01/02/2024,10595.397102142428,Nairobi,0
11256,1092,3767.558893186784,Transfer,invalid_date,26215.2184861589,,0
13376,1021,2969.57319370957,Withdrawal,2024/03/01,18692.62933286762,Mombasa,0
15645,1067,4973.230768693922,Transfer,2024-01-01,15144.659613605023,Nairobi,0
13486,1019,6262.113036043012,PAYMENT,01/02/2024,28280.660763723794,Kisumu,0
13584,1095,6718.6201953868895,PAYMENT,2024/03/01,32526.15719619557,Mombasa,0
19588,1099,1814.3944012950283,Deposit,01/02/2024,2582.9644691982285,Kisumu,0
18053,1067,6268.482286118445,payment,2024-01-01,12187.032931769416,Kisumu,0
13330,1090,3855.4058944318685,Deposit,01/02/2024,36315.71737654756,Nairobi,0
12703,1063,5632.400152409122,PAYMENT,2024-01-01,7647.195052337254,Kisumu,0
18662,1016,4577.327828898015,Withdrawal,2024-01-01,21702.02049493365,Mombasa,0
18120,1011,6418.923634859711,Withdrawal,01/02/2024,18609.49680212801,Kisumu,0
17114,1021,6684.899849812289,Deposit,01/02/2024,8197.163961771283,,0
11353,1016,573.5453039463373,PAYMENT,2024-01-01,15336.960225550873,Kisumu,0
15063,1009,4380.235852712497,Withdrawal,2024/03/01,22645.84536029111,Nairobi,1
18549,1064,7270.9700327255405,PAYMENT,invalid_date,36198.246049826485,Mombasa,0
17575,1021,3279.87828975385,Withdrawal,2024-01-01,25967.586463018495,Nairobi,0
10667,1089,8258.019206698536,PAYMENT,01/02/2024,20174.55465252656,,0
14468,1081,4217.14896662653,Transfer,01/02/2024,14241.182875416791,Kisumu,1
19337,1049,5144.755172562068,PAYMENT,2024/03/01,27903.785250428522,Nairobi,0
16819,1013,7613.114923528696,PAYMENT,invalid_date,18549.23404296368,Nairobi,0
13719,1063,7671.611332982989,Deposit,2024-01-01,41167.46821479651,Nairobi,0
12745,1046,4959.962201311142,Transfer,2024-01-01,12777.31116346113,Nairobi,0
17483,1028,4300.043745691167,payment,invalid_date,19327.704378490133,,0
10539,1075,3691.83998037136,Deposit,2024-01-01,6028.476934518483,,0
14964,1035,4963.500069598961,payment,invalid_date,10045.963969752525,Kisumu,0
14835,1098,2752.197066269814,Withdrawal,01/02/2024,28469.465017699127,Kisumu,0
13775,1051,5172.735134146847,payment,invalid_date,12062.134759810304,Mombasa,0
16042,1075,2953.5444677134037,PAYMENT,2024-01-01,32432.34330479464,,0
17102,1006,2285.1940804275782,payment,invalid_date,16673.428194368276,Nairobi,0
17312,1028,6784.527320740268,Deposit,2024/03/01,30409.140828073738,Nairobi,0
15320,1010,4960.049142560194,Deposit,01/02/2024,23242.58796035197,Mombasa,0
16132,1032,3955.1957315459485,payment,01/02/2024,23562.167098144622,Nairobi,0
17891,1005,2686.500659327888,Deposit,invalid_date,24739.34099211351,Mombasa,1
12779,1078,6890.387454027187,Deposit,2024-01-01,12809.93332318596,Kisumu,0
10924,1031,7858.6485254257095,payment,2024/03/01,25068.774563905612,,0
11581,1050,6518.421999839667,Transfer,01/02/2024,36224.983409010136,Mombasa,0
17714,1074,9424.38261876937,Transfer,01/02/2024,14136.393140287064,Nairobi,0
13324,1057,5290.47743356333,Withdrawal,2024-01-01,20911.008666061225,Mombasa,0
15713,1086,6523.607556173567,Deposit,2024-01-01,37458.71336135157,Kisumu,0
17026,1025,6577.798596066901,payment,2024/03/01,26198.09107530301,Nairobi,0
10255,1097,5229.738087077764,Deposit,invalid_date,11952.40653381261,Kisumu,0
14804,1045,4716.6086479047535,PAYMENT,2024-01-01,3277.5022543268133,Kisumu,0
11838,1097,6503.480546787152,Deposit,invalid_date,4192.491826905585,Mombasa,0
10009,1028,1061.705428052905,Deposit,2024/03/01,6417.883314738045,Kisumu,0
12871,1003,593.6790783482766,Transfer,invalid_date,18732.639642140937,Nairobi,0
18989,1080,4222.851793521747,payment,01/02/2024,15436.135386625247,Kisumu,0
17409,1098,4662.820758378502,Deposit,invalid_date,18549.23404296368,Kisumu,0
17418,1012,4129.686804290496,Transfer,2024/03/01,16036.836334315838,Mombasa,0
15124,1038,5586.787911283806,Withdrawal,2024/03/01,33303.816856580605,Kisumu,0
11015,1014,2192.486709894834,Transfer,2024/03/01,22502.953101830426,,0
12193,1028,9003.891933605946,Transfer,invalid_date,13237.587917575762,Mombasa,0
18415,1028,4346.592010044349,Transfer,01/02/2024,26299.808403475345,Mombasa,0
17449,1074,5857.624629241395,Deposit,2024-01-01,3355.232646667777,Nairobi,0
14158,1031,1407.9420270338487,Deposit,01/02/2024,35293.041944868855,Nairobi,0
13925,1001,4455.1445975114175,Withdrawal,invalid_date,12788.154431485444,Nairobi,0
16970,1046,7654.156204027333,PAYMENT,invalid_date,11282.293119584228,Nairobi,0
16938,1077,4005.00268318972,PAYMENT,2024-01-01,17995.253908421215,,0
14784,1083,3383.716291185462,PAYMENT,invalid_date,34067.80855788039,Mombasa,0
14000,1021,7508.7137371454255,Withdrawal,2024/03/01,10487.306068616981,Kisumu,0
11633,1074,3379.85383158102,PAYMENT,2024/03/01,18732.639642140937,Nairobi,0
17266,1026,9398.196361113405,PAYMENT,2024/03/01,14780.932498949707,Nairobi,0
18702,1066,4753.643570379902,Transfer,2024/03/01,25714.083877187804,Nairobi,0
10384,1080,3123.645249144589,Deposit,2024/03/01,8268.434409672267,Kisumu,0
10404,1055,5542.842987601885,Deposit,invalid_date,30176.864127363588,Nairobi,0
18175,1091,6888.579284364563,Transfer,2024-01-01,20247.63538095803,Kisumu,0
12000,1092,6751.431724801961,Transfer,2024-01-01,14791.363348491437,Mombasa,0
19860,1020,5871.111696749626,Transfer,2024/03/01,10364.165554699586,Mombasa,0
15989,1046,8379.273995389394,Deposit,invalid_date,27602.134963301174,Mombasa,0
11460,1079,1599.5902509038674,PAYMENT,01/02/2024,13970.350998478403,,0
17190,1058,2953.5444677134037,Transfer,01/02/2024,31833.23810443157,Kisumu,0
17140,1083,7321.36499139425,Withdrawal,invalid_date,20210.601983643595,Nairobi,0
13636,1005,4662.820758378502,Transfer,2024/03/01,17144.96303028885,Nairobi,0
14809,1018,5169.565729287918,payment,2024-01-01,24730.50928233213,Nairobi,0
14178,1056,5386.661333905467,Transfer,invalid_date,25336.47995368887,Nairobi,0
17245,1068,7268.961040168637,Deposit,01/02/2024,11091.103880579414,,0
16600,1002,4981.826850547488,Transfer,01/02/2024,33147.79825596503,Nairobi,0
15997,1000,5312.375645881755,payment,01/02/2024,15737.314433235748,,0
12048,1057,9911.55239912511,Withdrawal,2024/03/01,15575.7701075643,Kisumu,0
14780,1037,3353.7638773038407,PAYMENT,01/02/2024,11839.621046057284,Mombasa,0
10716,1014,8450.234664517146,Transfer,invalid_date,27858.120092968093,Nairobi,0
17939,1033,7628.804849538946,payment,invalid_date,44849.699535866544,Mombasa,0
15565,1060,7804.144294435686,payment,01/02/2024,12507.843829110776,Kisumu,0
14544,1034,2837.1607425091925,Withdrawal,invalid_date,22789.91794748474,Kisumu,0
14976,1063,5543.746325540034,Deposit,01/02/2024,8451.340203254167,Nairobi,0
13419,1024,7304.665217483008,Transfer,01/02/2024,7665.0241605509655,Kisumu,0
17239,1023,3244.71516048085,payment,2024-01-01,11740.158219734836,Mombasa,0
19766,1011,6923.708712409877,Withdrawal,2024/03/01,22353.179614390996,Nairobi,0
10249,1017,5056.405423043855,PAYMENT,2024/03/01,10278.476017973388,,0
18865,1014,5135.507145524325,payment,2024-01-01,9934.095835902292,Nairobi,0
10770,1079,3924.6206051442746,Withdrawal,2024-01-01,13195.040563249939,Mombasa,0
14363,1026,7155.907790211515,Deposit,2024/03/01,26494.973648592397,Nairobi,0
11077,1071,7498.281283382237,Deposit,01/02/2024,16710.55914642698,Nairobi,0
18427,1059,4395.50064815696,payment,01/02/2024,2788.2417471027584,Mombasa,0
18580,1045,3228.1680080814417,payment,2024/03/01,17962.728719584018,Nairobi,0
17901,1088,6897.01640743334,Transfer,01/02/2024,22936.487738630705,Nairobi,0
14858,1016,4045.99524017408,Withdrawal,2024-01-01,18834.89621653018,Mombasa,0
16544,1092,6696.65900075266,payment,01/02/2024,13607.69438719868,Kisumu,0
14719,1052,9381.650319745502,Transfer,01/02/2024,14278.059297065565,Mombasa,0
12814,1007,2170.0947785671196,Transfer,invalid_date,17358.28990084666,Nairobi,0
13374,1078,7319.582490578611,payment,invalid_date,36212.26879726228,,0
11252,1026,4806.228340769851,Deposit,invalid_date,9157.899202201876,,0
16996,1045,7261.406617229002,Withdrawal,01/02/2024,7596.45747849028,Mombasa,0
14673,1049,5323.126026879978,Withdrawal,2024/03/01,16658.635515401573,,0
14530,1070,2907.0441147511433,Deposit,2024-01-01,14147.331991104602,Nairobi,0
16881,1002,9085.969050702513,payment,01/02/2024,14192.318932495391,Nairobi,0
16949,1092,7389.063749012888,Withdrawal,2024/03/01,23812.442664780727,Mombasa,0
19521,1063,2451.262507241243,payment,01/02/2024,25205.530577324273,Nairobi,0
16241,1043,6684.899849812289,payment,2024-01-01,30176.864127363588,Kisumu,0
18017,1052,5630.08097836323,Transfer,01/02/2024,45016.45035135113,Nairobi,0
16941,1023,5553.418087809969,Deposit,2024-01-01,10278.476017973388,Mombasa,0
19550,1059,3281.3194326013786,payment,01/02/2024,19160.727451273247,Kisumu,0
17002,1002,4145.350634863657,PAYMENT,2024-01-01,22711.07034897033,Kisumu,0
11331,1019,3264.0000009229057,Deposit,01/02/2024,2788.2417471027584,,0
14261,1045,6546.214413390475,Withdrawal,2024-01-01,16190.035940666092,Nairobi,0
17648,1014,7139.700997402078,Transfer,invalid_date,17676.955062638306,Mombasa,0
19550,1024,4418.387839711924,Withdrawal,01/02/2024,19695.972334695016,,0
15115,1093,4807.453383595806,Withdrawal,01/02/2024,18926.452092859836,,0
14637,1077,6709.80075924142,Deposit,2024/03/01,21240.451184267204,Nairobi,0
14854,1070,3181.2704607187743,Withdrawal,2024/03/01,15144.659613605023,Nairobi,0
13177,1016,4526.001657879679,payment,2024-01-01,16607.630327403785,Mombasa,0
17730,1083,5543.746325540034,Withdrawal,01/02/2024,32432.34330479464,,0
12180,1099,5826.113067572365,Transfer,2024-01-01,6030.659085320409,Mombasa,0
14892,1008,6071.154893776858,Transfer,invalid_date,29268.66885751958,,1
17043,1037,1575.1210848713722,PAYMENT,2024/03/01,-9044.643965770872,,0
10137,1047,2295.6711067505503,Transfer,2024-01-01,36739.0158874206,,0
16327,1059,5663.943467906965,Withdrawal,2024-01-01,23687.380592769307,Nairobi,0
13472,1062,5412.4950914757255,Transfer,2024/03/01,8417.140036339957,,0
15449,1085,4895.960623083972,Deposit,01/02/2024,9897.77597888145,,0
12832,1001,7676.230432895361,Transfer,2024-01-01,9106.500034145007,,0
13579,1087,2120.8718932476318,payment,2024/03/01,25967.586463018495,Kisumu,0
15971,1071,5163.126069968731,Deposit,01/02/2024,16646.000796211716,Nairobi,0
14164,1010,4737.194187955523,PAYMENT,invalid_date,-4923.431279300647,Kisumu,0
17941,1063,9694.094966745462,payment,2024/03/01,16180.677282746352,Nairobi,0
15569,1076,3691.83998037136,Withdrawal,2024-01-01,19545.350238709954,Mombasa,0
14300,1080,-247.57647109853133,Withdrawal,invalid_date,20787.777278663336,Kisumu,0
16269,1071,7152.3666426606405,Withdrawal,01/02/2024,12713.475856798232,Mombasa,1
13818,1020,1500.0442515624063,payment,01/02/2024,24255.942534627964,,1
11906,1017,7076.479185731514,payment,2024/03/01,10693.35782039613,Mombasa,0
16254,1093,5524.724760647326,payment,2024/03/01,15913.640874633298,Mombasa,1
10760,1063,1764.3321888833561,Deposit,2024/03/01,25886.52679382435,Mombasa,0
17830,1081,6715.766212262861,Deposit,01/02/2024,27599.227430474715,Mombasa,0
17350,1094,3632.8123996701534,Withdrawal,invalid_date,17116.07799699701,Nairobi,0
16238,1037,4895.960623083972,Transfer,01/02/2024,21596.47769407903,Kisumu,0
16090,1031,error,Withdrawal,2024-01-01,14584.90999553759,Nairobi,0
16031,1010,8079.213696003029,PAYMENT,01/02/2024,28112.035278626736,Nairobi,0
17687,1044,4399.812077525232,Deposit,2024-01-01,33680.98481763813,Nairobi,0
19091,1088,4908.238436038162,payment,invalid_date,15321.778171677339,Mombasa,0
19911,1032,5730.601986043577,Deposit,2024/03/01,12428.731531839498,Nairobi,0
18472,1040,4026.48598298143,payment,2024/03/01,6417.883314738045,Kisumu,0
11887,1007,5989.191496642197,PAYMENT,01/02/2024,14503.95415335166,Nairobi,0
13266,1010,4262.041109780156,PAYMENT,2024/03/01,41484.82849148776,,0
10666,1085,7244.35005760337,Deposit,invalid_date,30466.748272809375,Mombasa,0
14188,1050,5734.464598844427,payment,2024/03/01,4265.502398977815,,0
10671,1087,4479.319018556477,PAYMENT,01/02/2024,3786.058438778311,Kisumu,0
16777,1040,4425.786614939501,Withdrawal,invalid_date,8268.434409672267,Kisumu,0
17570,1016,5892.0001893343715,Withdrawal,2024-01-01,35573.768174035766,Kisumu,0
17956,1075,4848.352756963473,payment,01/02/2024,5103.6257856389075,Kisumu,0
15124,1045,7058.443582467788,Deposit,2024-01-01,36497.83686240802,Nairobi,0
15585,1031,6237.327874961298,PAYMENT,invalid_date,11020.123584556113,Mombasa,0
14777,1078,6923.708712409877,Deposit,01/02/2024,29319.345423163097,Kisumu,0
13900,1079,4147.145949773665,Withdrawal,01/02/2024,32297.74224521937,,0
16677,1053,6625.914224731299,PAYMENT,invalid_date,29327.43608345579,Kisumu,0
16981,1085,3919.355633725024,Deposit,2024/03/01,-5884.166322041998,Mombasa,0
16376,1091,6751.015961023017,Transfer,01/02/2024,19021.691879000566,,0
10523,1019,4076.740819487078,payment,01/02/2024,22000.14851171748,,0
12393,1032,5663.943467906965,payment,2024-01-01,10487.306068616981,,0
12593,1073,6396.499827555632,Transfer,2024/03/01,34182.3878290629,Nairobi,1
19945,1039,2309.2630955290024,Withdrawal,2024-01-01,23144.79472483405,Kisumu,0
17240,1031,7914.717116542042,PAYMENT,2024-01-01,9003.527059507376,Nairobi,0
16937,1096,4605.140922715922,payment,2024/03/01,29929.297692955282,,0
16190,1001,6503.480546787152,Transfer,2024/03/01,19840.821549977576,Nairobi,0
15240,1096,7418.5322219374775,Transfer,invalid_date,25310.966022846074,Nairobi,0
16493,1032,6897.01640743334,Withdrawal,2024/03/01,17099.625603936278,Nairobi,0
12878,1076,7284.320056505723,Withdrawal,01/02/2024,21450.806495092438,Kisumu,0
14143,1029,5715.248518647789,Deposit,2024/03/01,23819.66457524095,,0
13644,1032,3955.1957315459485,payment,invalid_date,14382.17505169985,,0
14432,1076,5490.037190920934,Deposit,invalid_date,24221.085934899056,Kisumu,0
11276,1025,5312.7562458365555,Transfer,invalid_date,9581.524545594713,Nairobi,1
15811,1021,5990.425906248224,PAYMENT,2024/03/01,11307.476447840834,Nairobi,0
10302,1065,7316.2216960486,PAYMENT,2024/03/01,31162.463905181252,Mombasa,0
10638,1037,4364.853602352524,Withdrawal,2024-01-01,31384.155206557094,Mombasa,1
10055,1089,5850.3576845494035,PAYMENT,2024-01-01,28280.660763723794,Mombasa,0
18717,1045,6093.383211542626,PAYMENT,01/02/2024,19769.75145553499,Kisumu,0
18150,1014,7300.581061832321,PAYMENT,2024-01-01,29673.112330382155,,0
12125,1097,6428.172225905062,Transfer,01/02/2024,17874.21372011432,Mombasa,0
10364,1043,7284.320056505723,PAYMENT,invalid_date,12703.353761788732,,0
16809,1048,3519.9061643544574,PAYMENT,2024-01-01,22442.10902546752,,0
14621,1074,6173.356417060161,PAYMENT,2024/03/01,35568.81836546693,,0
15126,1060,3812.326982003093,Deposit,2024-01-01,22622.14732236855,Kisumu,0
15122,1066,2620.1098932686014,Transfer,01/02/2024,31049.41922230972,Kisumu,0
11646,1005,5735.044605018741,Withdrawal,2024-01-01,21241.56590971303,Kisumu,0
10918,1008,3341.925083293584,Deposit,invalid_date,5980.919322837621,Kisumu,1
12797,1005,,payment,2024/03/01,33946.25388211176,Mombasa,0
16506,1072,5989.191496642197,Transfer,01/02/2024,30000.217150928223,Nairobi,0
15870,1094,6736.20628591586,Transfer,2024/03/01,21987.945883388536,Nairobi,0
11531,1031,4212.037273395157,payment,2024/03/01,11952.754275816189,Nairobi,0
18172,1040,error,payment,01/02/2024,29673.112330382155,Mombasa,0
13345,1075,2996.4634428706904,payment,2024/03/01,15462.075148359163,Nairobi,0
17673,1007,8165.574508244183,Withdrawal,2024/03/01,28642.43614734226,Mombasa,0
16949,1071,3995.7939918022403,PAYMENT,2024-01-01,13900.637055533396,Mombasa,0
16882,1049,4210.404874151805,Transfer,2024/03/01,1232.8126931726329,Mombasa,0
11906,1091,6833.256932315058,PAYMENT,2024/03/01,4043.6323911031686,Nairobi,1
13086,1061,3827.8857962587504,PAYMENT,2024/03/01,37786.551265382484,,0
18152,1083,5626.237659494528,payment,2024/03/01,32902.61129046064,Nairobi,0
15750,1061,5179.216319855217,Withdrawal,01/02/2024,30919.46171289575,Nairobi,0
18905,1006,7446.380210853316,Deposit,invalid_date,20287.908137384817,Kisumu,0
11062,1074,4765.198281690081,Withdrawal,2024-01-01,24255.942534627964,Mombasa,0
11976,1083,8536.596616793544,PAYMENT,2024/03/01,26569.471123242787,,0
11296,1079,3264.0000009229057,Withdrawal,2024/03/01,19390.821672292168,Kisumu,0
16229,1003,3353.7638773038407,payment,01/02/2024,11020.123584556113,,0
17641,1005,5396.57875474373,Deposit,invalid_date,-7132.426341634116,,0
10125,1057,9398.196361113405,payment,2024/03/01,14222.494918458233,Mombasa,0
14632,1021,-30.07690507001371,Deposit,01/02/2024,33210.61738353467,Nairobi,0
16288,1025,6923.708712409877,PAYMENT,2024-01-01,25293.06211790573,Mombasa,0
13596,1002,3401.0033336730266,Deposit,2024-01-01,29939.297571216517,Mombasa,0
16168,1040,3898.616856939374,Deposit,2024/03/01,20327.07756268768,Kisumu,0
19795,1059,4629.669542050253,Deposit,2024/03/01,9536.451266296248,Mombasa,0
17561,1013,5663.943467906965,Withdrawal,invalid_date,4192.491826905585,Nairobi,0
18258,1074,6617.858400942596,Withdrawal,invalid_date,7665.0241605509655,,0
10232,1081,7261.406617229002,PAYMENT,2024/03/01,31817.613956614943,Mombasa,0
19361,1011,4041.17628236381,Deposit,01/02/2024,29821.789867666877,,0
16371,1086,4366.493341202964,Transfer,invalid_date,4870.432333997325,Mombasa,0
14206,1011,6268.482286118445,PAYMENT,2024/03/01,12703.353761788732,,0
19685,1012,6591.406283399485,Deposit,invalid_date,18354.39030377326,Mombasa,1
17943,1024,2953.1613792987077,Deposit,2024/03/01,31506.07550593069,Kisumu,0
16891,1044,8176.0883121391635,Withdrawal,2024-01-01,-579.667533967553,,0
16738,1018,2953.1613792987077,PAYMENT,2024/03/01,23350.212958021024,Mombasa,0
12472,1054,2110.8851129504055,Deposit,2024-01-01,35587.98069497889,Mombasa,0
12739,1099,2295.6711067505503,Deposit,invalid_date,31080.42858383234,Kisumu,0
15401,1044,5332.531291801467,PAYMENT,2024/03/01,13766.493197097381,Kisumu,0
11761,1007,7319.582490578611,Transfer,invalid_date,39044.33508174741,Kisumu,0
10876,1092,7102.388021972081,PAYMENT,2024-01-01,28144.248986165912,,0
13812,1052,1677.4410134444647,PAYMENT,2024/03/01,16036.044798235454,,0
19504,1054,4330.984987286506,Transfer,invalid_date,16710.55914642698,Kisumu,0
11460,1031,6472.778940369195,PAYMENT,2024-01-01,4043.6323911031686,Nairobi,0
11733,1050,4667.233341283352,Deposit,invalid_date,24169.295032648166,Nairobi,0
11605,1043,8437.700980809645,PAYMENT,01/02/2024,30548.590692108868,Mombasa,0
15622,1081,6670.988555841523,Transfer,2024-01-01,11158.41520056232,Nairobi,0
16767,1069,7956.253652346522,payment,2024-01-01,24879.054450741864,Mombasa,0
16986,1017,3995.7939918022403,PAYMENT,2024-01-01,10364.165554699586,,0
13517,1082,5950.571178639783,Withdrawal,2024/03/01,24739.34099211351,,0
13735,1021,4768.755770085089,Deposit,2024/03/01,35573.768174035766,Nairobi,0
19352,1036,2981.6834213007396,Deposit,2024/03/01,8417.140036339957,,0
18434,1095,3377.0206445329513,Withdrawal,01/02/2024,26771.81686725047,Kisumu,0
12590,1055,9003.891933605946,Withdrawal,01/02/2024,31162.463905181252,Kisumu,0
11063,1058,5746.792383827111,PAYMENT,2024-01-01,22353.179614390996,Nairobi,0
14324,1002,6373.892985294444,Withdrawal,01/02/2024,19576.31589458327,Nairobi,0
19111,1027,5549.362147985706,payment,invalid_date,36974.3218133677,Mombasa,0
15342,1073,6117.381932066551,Transfer,2024-01-01,-236.53978012167136,,0
10005,1034,4926.447388609104,Withdrawal,2024-01-01,3301.323333262695,Mombasa,1
17489,1060,3666.95903745297,Withdrawal,invalid_date,24232.123744570177,Mombasa,0
18659,1092,4765.198281690081,payment,2024-01-01,16342.003272064976,Kisumu,0
18195,1053,2170.0947785671196,Deposit,01/02/2024,24850.01291523228,Kisumu,0
15966,1062,6957.787079825451,Deposit,2024/03/01,3744.006333405483,Kisumu,0
18837,1078,4526.001657879679,PAYMENT,invalid_date,30936.976406914415,Kisumu,0
10117,1096,4022.0370251416834,payment,01/02/2024,20210.601983643595,Mombasa,0
12551,1006,3834.726251401097,Transfer,invalid_date,1961.1087399130447,Kisumu,0
15560,1075,8564.156636122963,Transfer,invalid_date,23778.29221222158,,0
14289,1048,5595.842130519605,payment,2024-01-01,8628.212241974397,Kisumu,0
10846,1093,5867.934844930095,Transfer,2024-01-01,13706.47900313315,Kisumu,0
16316,1084,3803.2643795395625,Deposit,01/02/2024,9056.352024498567,Kisumu,0
16469,1030,5624.983360514278,Transfer,invalid_date,30817.216943950938,Nairobi,0
19333,1057,4003.4642337993005,Transfer,2024-01-01,20966.76121140232,,0
18915,1060,5136.94273705734,payment,2024-01-01,16808.300853974055,,0
10224,1023,9257.8931114912,payment,invalid_date,13258.094396617733,Mombasa,0
14208,1019,5028.6465164211995,Transfer,01/02/2024,42804.99306477608,Mombasa,0
16283,1036,3912.4411335533205,Withdrawal,01/02/2024,17079.91454486974,Kisumu,0
12048,1003,7914.717116542042,payment,invalid_date,19020.135532793087,Nairobi,0
16233,1091,6056.606069333837,PAYMENT,01/02/2024,21815.133315075545,Mombasa,0
19765,1019,6472.778940369195,PAYMENT,2024-01-01,29898.60140585999,Mombasa,0
11828,1059,5842.946899751806,Deposit,invalid_date,34555.80818489354,Kisumu,0
11917,1023,2620.4769165358,Transfer,2024-01-01,20850.7903197999,Kisumu,0
14234,1049,6503.480546787152,Withdrawal,2024/03/01,8324.65784687304,Mombasa,1
16988,1048,6741.152431628483,Deposit,2024/03/01,6759.131701341132,Mombasa,0
12026,1050,6023.47533815801,Transfer,01/02/2024,29673.112330382155,,0
13744,1095,5732.914332595944,payment,2024/03/01,13072.451423019575,Nairobi,0
19093,1035,6020.558021064142,PAYMENT,2024-01-01,39319.40374759089,,0
10009,1097,3377.0206445329513,Withdrawal,2024/03/01,16780.156335407486,Mombasa,0
10260,1099,5478.616933640691,PAYMENT,2024-01-01,31832.27173712846,,0
16038,1065,7512.872684690378,payment,01/02/2024,8645.333041898302,,0
19865,1078,4480.788355101051,Transfer,01/02/2024,30919.46171289575,Mombasa,0
12219,1033,5054.6455217283465,payment,2024-01-01,25113.26644162355,Kisumu,0
17041,1035,4570.1349880292155,payment,2024/03/01,21240.727257194936,Mombasa,0
12060,1005,5750.143829365556,PAYMENT,01/02/2024,15898.737548152438,Kisumu,0
15287,1038,2110.8851129504055,Withdrawal,invalid_date,14192.318932495391,Mombasa,0
11619,1041,3649.0771102884437,payment,01/02/2024,30946.716363802767,Mombasa,0
18512,1057,5892.0001893343715,PAYMENT,2024/03/01,21989.496964833095,Mombasa,0
11342,1011,4642.780050905311,Withdrawal,invalid_date,missing,Nairobi,0
12832,1002,4830.694916303144,Transfer,2024/03/01,8125.345982615614,Kisumu,0
12824,1017,8124.9190137242285,Transfer,2024-01-01,39032.9268772716,Nairobi,0
11994,1039,7488.067896269724,Deposit,invalid_date,17793.572498842277,Mombasa,0
13490,1020,2558.659900636174,PAYMENT,2024/03/01,35329.33370535557,,0
19310,1014,6047.520434891359,Withdrawal,invalid_date,3786.058438778311,Nairobi,0
17984,1096,4174.95069496571,payment,2024/03/01,21088.037097054083,Kisumu,0
11604,1098,4246.009681665928,Transfer,invalid_date,10216.77792408057,Mombasa,0
10235,1025,5989.191496642197,Withdrawal,2024/03/01,45699.07035475335,Nairobi,0
11908,1007,4003.4642337993005,PAYMENT,2024-01-01,28965.886542360182,,0
18567,1099,4806.228340769851,Deposit,invalid_date,36198.246049826485,Nairobi,1
13530,1093,5816.690328789556,Transfer,invalid_date,31506.07550593069,Kisumu,0
15256,1086,1565.0085317184808,Withdrawal,invalid_date,28455.260998852114,Nairobi,0
12635,1041,6888.579284364563,Withdrawal,invalid_date,20247.63538095803,,0
18162,1043,2969.57319370957,Withdrawal,2024-01-01,-8998.937802749988,,0
19762,1013,3328.091840838608,PAYMENT,invalid_date,18053.233376420027,Kisumu,0
12560,1077,5857.624629241395,PAYMENT,01/02/2024,1961.1087399130447,,0
15415,1001,5826.113067572365,PAYMENT,2024-01-01,25533.635687726226,Mombasa,0
13391,1036,5179.216319855217,payment,01/02/2024,18711.008158818102,,0
15951,1068,7006.102619322368,Withdrawal,invalid_date,12809.93332318596,Mombasa,0
15468,1037,10399.42828083902,Transfer,2024/03/01,29160.103197910903,Nairobi,0
18007,1040,8212.238983662588,PAYMENT,01/02/2024,11950.405798958607,Mombasa,0
19064,1061,5663.943467906965,PAYMENT,invalid_date,9357.784896644926,Mombasa,0
19444,1059,6709.80075924142,Withdrawal,01/02/2024,18692.62933286762,Nairobi,0
16413,1013,4364.853602352524,PAYMENT,invalid_date,14241.182875416791,,0
16941,1088,6741.152431628483,payment,invalid_date,1395.5200007569329,Mombasa,0
19506,1083,6158.798478348007,payment,invalid_date,23819.66457524095,,0
14820,1001,2516.7675604079445,PAYMENT,2024/03/01,19011.085676030743,Nairobi,0
12898,1069,6044.83722656513,Withdrawal,01/02/2024,18251.79636036124,Kisumu,0
17546,1016,3632.8123996701534,Withdrawal,2024-01-01,31222.035676977153,,0
10077,1088,3230.3672666207062,Withdrawal,2024-01-01,22482.739329114458,,0
17577,1027,6888.579284364563,Deposit,2024-01-01,4265.502398977815,Kisumu,0
14227,1065,6923.708712409877,PAYMENT,2024-01-01,38438.98692001951,Kisumu,1
10600,1034,3596.6561799518486,Withdrawal,invalid_date,24034.36862871291,Nairobi,0
11065,1004,4685.405149598194,payment,01/02/2024,27636.97715848047,,0
12136,1064,7780.854948812765,Transfer,01/02/2024,30043.766347631325,,0
19510,1039,3811.7308464502266,Transfer,2024/03/01,9581.524545594713,Nairobi,0
16943,1075,8124.9190137242285,Withdrawal,01/02/2024,16733.765109144326,,0
17804,1055,3019.947527387477,Transfer,01/02/2024,20210.601983643595,Mombasa,0
16565,1035,4766.685580335458,Transfer,01/02/2024,8690.997075057367,Mombasa,0
15984,1044,-428.21460098217267,Deposit,2024/03/01,5108.535821008718,Mombasa,0
15142,1022,7893.867076399114,payment,2024-01-01,24879.054450741864,,0
14670,1046,7186.1371732264215,payment,01/02/2024,19016.07017248762,Mombasa,0
12190,1030,5173.718326323606,Deposit,2024/03/01,2674.559756456463,Mombasa,0
19184,1010,3534.6316174847616,Deposit,2024/03/01,31384.155206557094,Nairobi,0
12712,1009,9066.587538932914,Transfer,invalid_date,25817.789597188894,Nairobi,0
12192,1066,6362.592348840943,PAYMENT,2024/03/01,13422.126107044227,Kisumu,0
11248,1013,6388.812637890742,Transfer,2024-01-01,13455.98104831485,Kisumu,0
14033,1079,5508.4984082698575,Deposit,01/02/2024,9861.94067360137,Kisumu,0
11997,1073,5781.226355458723,payment,2024/03/01,7262.825992745506,Kisumu,0
13687,1092,6718.6201953868895,Transfer,2024-01-01,24034.36862871291,Nairobi,0
14018,1009,7613.114923528696,PAYMENT,2024/03/01,18053.233376420027,Nairobi,0
11970,1075,4806.228340769851,Transfer,2024/03/01,31461.782607048604,Nairobi,0
18389,1093,2008.2436038891647,Withdrawal,2024/03/01,17116.07799699701,Mombasa,0
15765,1000,7142.801820747443,Transfer,2024/03/01,30499.94167450568,Mombasa,0
11202,1004,2972.524017168272,Deposit,2024/03/01,35082.47403185002,Kisumu,0
18135,1019,2093.6697074914446,payment,2024-01-01,19127.439868170542,Mombasa,0
15567,1007,2907.0441147511433,payment,01/02/2024,16658.635515401573,,0
17667,1042,2689.6404977191364,Deposit,01/02/2024,12793.739424092322,Nairobi,0
15742,1075,2620.4769165358,Withdrawal,01/02/2024,36739.0158874206,Kisumu,0
15788,1000,3964.17469989242,Deposit,01/02/2024,14241.182875416791,Kisumu,0
15408,1056,4901.933253133044,Transfer,2024-01-01,19545.350238709954,,0
18669,1063,2589.716415591446,Deposit,invalid_date,16880.12991351996,Mombasa,0
19446,1083,4918.8563465096495,Deposit,invalid_date,29327.43608345579,Kisumu,0
10922,1027,2901.9861548590275,Withdrawal,2024-01-01,12282.887798194595,Mombasa,1
10419,1036,5577.46478943992,Transfer,2024-01-01,19192.943477828725,Mombasa,1
12204,1046,5163.126069968731,PAYMENT,2024/03/01,34555.80818489354,,0
11120,1075,7167.212159660371,PAYMENT,2024/03/01,13652.681097333947,Kisumu,0
10950,1036,3314.76015721954,payment,2024/03/01,11091.103880579414,Mombasa,0
12336,1048,2575.085442301545,Deposit,01/02/2024,29469.284683570564,Mombasa,0
15373,1043,6468.488579405957,payment,2024/03/01,20163.156016857767,,0
12243,1055,6468.521834353451,Withdrawal,invalid_date,25610.670840259165,,0
12645,1027,4642.780050905311,PAYMENT,01/02/2024,19618.59914558351,Mombasa,0
14612,1078,4755.306194717789,Deposit,2024/03/01,32866.25810103529,,0
11865,1005,5229.421236327937,Withdrawal,01/02/2024,20210.601983643595,Mombasa,0
16028,1060,3993.709496196837,Withdrawal,invalid_date,14136.393140287064,Kisumu,0
17326,1019,6518.421999839667,Deposit,2024/03/01,37786.551265382484,Nairobi,0
16371,1077,4806.228340769851,Withdrawal,invalid_date,17218.80769688762,,0
16359,1001,3596.6561799518486,Deposit,invalid_date,20850.7903197999,Nairobi,0
17863,1072,6348.802482988638,Deposit,invalid_date,31273.74010445556,Mombasa,0
13228,1036,3123.645249144589,Transfer,2024/03/01,16760.67499047782,Mombasa,0
13719,1019,7676.230432895361,payment,2024-01-01,7506.047969404721,Mombasa,0
12371,1025,2412.9285128126726,Withdrawal,2024/03/01,17596.71762566985,Nairobi,0
12891,1028,2318.942793234966,Withdrawal,invalid_date,39343.8852790853,Mombasa,0
13756,1000,5767.223941575864,Transfer,2024/03/01,17809.68185647522,,0
14225,1034,6418.923634859711,Transfer,invalid_date,22442.10902546752,Kisumu,0
10094,1069,7024.135729407716,Transfer,2024-01-01,17874.98635308835,Kisumu,0
12674,1058,1814.3944012950283,PAYMENT,01/02/2024,17445.59785844791,,0
16898,1068,2061.8408787275835,PAYMENT,2024-01-01,30013.664562908623,Kisumu,0
10793,1032,5412.4950914757255,PAYMENT,2024-01-01,20901.826374968994,Nairobi,0
12116,1050,5162.125741387314,Deposit,01/02/2024,7537.359860655695,Mombasa,0
15779,1077,2309.2630955290024,Withdrawal,2024/03/01,16938.3414214449,Mombasa,0
16166,1011,5871.111696749626,payment,01/02/2024,20757.593431983798,Mombasa,0
10814,1019,7508.7137371454255,Deposit,2024/03/01,9157.899202201876,Nairobi,0
10345,1052,6751.431724801961,Withdrawal,2024/03/01,19381.599160393165,Nairobi,0
18554,1087,9424.38261876937,Withdrawal,invalid_date,21056.538250260615,Nairobi,0
12443,1042,5553.418087809969,Transfer,invalid_date,31511.294059581902,,0
17783,1097,4397.489529346398,Transfer,01/02/2024,35101.10679930411,Nairobi,0
10984,1088,3287.3868611137013,Deposit,2024-01-01,38272.61504957014,Kisumu,0
17790,1049,6833.256932315058,Transfer,01/02/2024,45016.45035135113,,0
17339,1038,4274.56862084014,Withdrawal,invalid_date,22622.14732236855,Nairobi,0
11531,1031,4212.037273395157,payment,2024/03/01,11952.754275816189,Nairobi,0
10860,1042,3401.0033336730266,Withdrawal,2024/03/01,6558.971838175865,,0
17041,1024,6751.015961023017,payment,invalid_date,3446.311185941984,,0
15442,1080,7186.1371732264215,PAYMENT,2024-01-01,24169.295032648166,Kisumu,0
15592,1077,5482.09695421633,Deposit,01/02/2024,31222.035676977153,Mombasa,0
19204,1028,6888.579284364563,Deposit,2024-01-01,21493.56201465785,,0
16371,1077,4806.228340769851,Withdrawal,invalid_date,17218.80769688762,,0
14980,1076,3632.8123996701534,Deposit,invalid_date,30817.216943950938,Mombasa,0
17208,1060,676.3090764947383,payment,2024/03/01,18732.639642140937,Kisumu,0
14495,1086,7956.253652346522,Transfer,2024-01-01,22004.51504340317,Nairobi,0
11120,1075,7167.212159660371,PAYMENT,2024/03/01,13652.681097333947,Kisumu,0
10197,1058,6718.6201953868895,Transfer,01/02/2024,8900.47162963751,Kisumu,0
15892,1028,2780.7089909584856,Withdrawal,01/02/2024,8324.65784687304,Nairobi,0
17939,1033,7628.804849538946,payment,invalid_date,44849.699535866544,Mombasa,0
17641,1005,5396.57875474373,Deposit,invalid_date,-7132.426341634116,,0
12200,1052,7446.380210853316,Transfer,01/02/2024,16780.156335407486,Nairobi,0
16166,1011,5871.111696749626,payment,01/02/2024,20757.593431983798,Mombasa,0
17350,1094,3632.8123996701534,Withdrawal,invalid_date,17116.07799699701,Nairobi,0
17901,1088,6897.01640743334,Transfer,01/02/2024,22936.487738630705,Nairobi,0
17714,1074,9424.38261876937,Transfer,01/02/2024,14136.393140287064,Nairobi,0
16799,1032,7823.418751862911,Deposit,01/02/2024,11087.830519581004,,0
19086,1026,4589.439451610042,Withdrawal,invalid_date,14588.746274651572,Kisumu,0
11838,1097,6503.480546787152,Deposit,invalid_date,4192.491826905585,Mombasa,0
13108,1090,5347.832167667525,Transfer,2024-01-01,17470.48300774236,Nairobi,0
11908,1007,4003.4642337993005,PAYMENT,2024-01-01,28965.886542360182,,0
15463,1093,7244.35005760337,Withdrawal,2024/03/01,21572.58436785298,,0
19274,1089,3874.799436692615,Deposit,2024/03/01,20222.039345426365,Nairobi,0
14887,1048,6072.782744568918,payment,01/02/2024,19318.608862126435,Nairobi,0
10004,1089,6670.988555841523,Transfer,2024/03/01,18505.68513988911,,0
12255,1070,3231.9690908815874,payment,01/02/2024,30932.3710758221,Mombasa,0
11248,1013,6388.812637890742,Transfer,2024-01-01,13455.98104831485,Kisumu,0
11154,1009,2098.5761645130474,payment,2024/03/01,5257.627211045901,Mombasa,0
16287,1080,3279.87828975385,PAYMENT,01/02/2024,24508.913752125147,Kisumu,0
10161,1069,3812.326982003093,Deposit,2024-01-01,21872.955498232182,Kisumu,0
13756,1000,5767.223941575864,Transfer,2024/03/01,17809.68185647522,,0
11685,1008,999999,Withdrawal,2024/03/01,25310.966022846074,,0
10539,1075,3691.83998037136,Deposit,2024-01-01,6028.476934518483,,0
11636,1001,1407.9420270338487,Deposit,2024/03/01,5257.627211045901,Kisumu,0
10600,1034,3596.6561799518486,Withdrawal,invalid_date,24034.36862871291,Nairobi,0
19550,1059,3281.3194326013786,payment,01/02/2024,19160.727451273247,Kisumu,0
15311,1039,5779.77363894479,Transfer,invalid_date,20797.56526899216,Mombasa,0
10189,1053,2770.5045853502215,payment,2024/03/01,37046.510059281354,Mombasa,0
18154,1046,5508.4984082698575,PAYMENT,2024-01-01,36974.3218133677,Nairobi,0
19184,1010,3534.6316174847616,Deposit,2024/03/01,31384.155206557094,Nairobi,0
14289,1048,5595.842130519605,payment,2024-01-01,8628.212241974397,Kisumu,0
12336,1048,2575.085442301545,Deposit,01/02/2024,29469.284683570564,Mombasa,0
10466,1036,7006.102619322368,Withdrawal,01/02/2024,15152.093236431068,Nairobi,0
11976,1083,8536.596616793544,PAYMENT,2024/03/01,26569.471123242787,,0
14268,1076,6516.212397034944,Deposit,invalid_date,41167.46821479651,Kisumu,0
